-- phpMyAdmin SQL Dump
-- version 4.7.4
-- https://www.phpmyadmin.net/
--
-- Host: 127.0.0.1
-- Generation Time: Jun 28, 2018 at 10:14 PM
-- Server version: 5.7.20
-- PHP Version: 7.1.11

SET SQL_MODE = "NO_AUTO_VALUE_ON_ZERO";
SET AUTOCOMMIT = 0;
START TRANSACTION;
SET time_zone = "+00:00";


/*!40101 SET @OLD_CHARACTER_SET_CLIENT=@@CHARACTER_SET_CLIENT */;
/*!40101 SET @OLD_CHARACTER_SET_RESULTS=@@CHARACTER_SET_RESULTS */;
/*!40101 SET @OLD_COLLATION_CONNECTION=@@COLLATION_CONNECTION */;
/*!40101 SET NAMES utf8mb4 */;

--
-- Database: `peana`
--

-- --------------------------------------------------------

--
-- Table structure for table `migrations`
--

CREATE TABLE `migrations` (
  `id` int(10) UNSIGNED NOT NULL,
  `migration` varchar(255) COLLATE utf8mb4_unicode_ci NOT NULL,
  `batch` int(11) NOT NULL
) ENGINE=InnoDB DEFAULT CHARSET=utf8mb4 COLLATE=utf8mb4_unicode_ci;

--
-- Dumping data for table `migrations`
--

INSERT INTO `migrations` (`id`, `migration`, `batch`) VALUES
(9, '2014_10_12_000000_create_users_table', 1),
(10, '2014_10_12_100000_create_password_resets_table', 1),
(11, '2017_11_26_170932_create_parts_table', 1),
(12, '2017_11_27_193831_create_part_images_table', 1);

-- --------------------------------------------------------

--
-- Table structure for table `parts`
--

CREATE TABLE `parts` (
  `id` int(10) UNSIGNED NOT NULL,
  `user_id` int(11) NOT NULL,
  `name` varchar(255) COLLATE utf8mb4_unicode_ci NOT NULL,
  `receiver_id` int(11) NOT NULL DEFAULT '0',
  `collection_point` varchar(255) COLLATE utf8mb4_unicode_ci NOT NULL,
  `description` text COLLATE utf8mb4_unicode_ci NOT NULL,
  `car_model` varchar(255) COLLATE utf8mb4_unicode_ci NOT NULL,
  `preview_image` varchar(255) COLLATE utf8mb4_unicode_ci NOT NULL DEFAULT 'default.jpg',
  `year` int(11) NOT NULL,
  `aggregated_name` varchar(255) COLLATE utf8mb4_unicode_ci NOT NULL,
  `created_at` timestamp NULL DEFAULT NULL,
  `updated_at` timestamp NULL DEFAULT NULL
) ENGINE=InnoDB DEFAULT CHARSET=utf8mb4 COLLATE=utf8mb4_unicode_ci;

--
-- Dumping data for table `parts`
--

INSERT INTO `parts` (`id`, `user_id`, `name`, `receiver_id`, `collection_point`, `description`, `car_model`, `preview_image`, `year`, `aggregated_name`, `created_at`, `updated_at`) VALUES
(1, 22, 'Turbo Charger', 106, '24850 Rath Ports Apt. 359', 'Ratione qui perferendis velit aliquam. Est sit nobis molestias excepturi quaerat. Quia ea explicabo dolorem natus voluptatem iure debitis. Voluptate dolor voluptates et iusto repellendus omnis.', 'Nissan GTR NISMO', 'tb.jpg', 2013, 'Nissan GTR Nismo Turbo Charger 2017', '2017-11-29 19:00:54', '2018-02-19 09:46:41'),
(2, 56, 'GearBox', 106, '20359 Cole Common Apt. 425', 'Saepe dolores reiciendis modi sequi perspiciatis aut. Voluptas sed recusandae quis ut aut et error. Qui libero porro iure illum reprehenderit omnis doloremque aliquid. Iste numquam et adipisci odit repudiandae alias.', 'Ford', 'default.jpg', 1998, 'Ford GearBox 1998', '2017-11-29 19:00:54', '2018-04-14 11:13:42'),
(3, 54, 'Engine Block', 10, '375 Nathaniel Loaf Suite 314', 'At ratione vero assumenda ut commodi magni. Sed a occaecati itaque praesentium illum. Sit ut ipsum voluptatem sapiente consequatur dolorem. Hic ut ullam omnis veniam quisquam hic architecto. Quo et sunt molestiae animi molestias eveniet consequatur. Velit impedit sunt quia qui quae. Error doloremque qui rerum saepe.', 'Volkswagen', 'default.jpg', 2016, 'Volkswagen Engine Block 2016', '2017-11-29 19:00:54', '2017-11-29 19:00:54'),
(4, 70, 'GearBox', 0, '60334 Kim Creek', 'Alias qui dolores voluptas architecto rerum necessitatibus autem quos. Dolores eum asperiores quisquam omnis esse ab. Libero vero illo quo aut dolores provident. Necessitatibus voluptatum est optio explicabo voluptas.', 'Toyota', 'default.jpg', 1999, 'Toyota GearBox 1999', '2017-11-29 19:00:54', '2017-11-29 19:00:54'),
(5, 4, 'GearBox', 106, '130 Aubrey Crossroad Suite 956', 'Nostrum quia velit occaecati et atque nam. Tempora asperiores ut et. Asperiores velit nobis hic necessitatibus autem vel asperiores. Similique ut dolor totam neque. Omnis et optio quia odit. Provident aliquid vero voluptatem et et. Enim laboriosam minus et et.', 'Nissan', 'default.jpg', 1999, 'Nissan GearBox 1999', '2017-11-29 19:00:54', '2018-04-24 13:40:58'),
(6, 74, 'Tail Light', 106, '193 Schulist Dale', 'Modi et ut inventore ut. Ex et voluptatum at voluptates recusandae id aut. Adipisci magnam consectetur omnis perspiciatis. Dolor nemo rerum et.', 'Ford', 'default.jpg', 2012, 'Ford Tail Light 2012', '2017-11-29 19:00:54', '2018-02-15 19:56:11'),
(7, 66, 'Turbo Charger', 0, '62086 Stacey Hollow Suite 111', 'Consequatur sequi voluptates quisquam laboriosam aspernatur. Perspiciatis facere non ut blanditiis saepe modi dolor. Tempora nihil ut perspiciatis odit. Inventore alias itaque et dolorem sunt consequatur.', 'Toyota', 'default.jpg', 2012, 'Toyota Turbo Charger 2012', '2017-11-29 19:00:54', '2017-11-29 19:00:54'),
(8, 77, 'Head Light', 8, '8891 Mariane Pines', 'Facere aperiam quasi necessitatibus delectus mollitia sit praesentium. Ad quia voluptatem totam tenetur. Tempora voluptatem ipsam sit dolorem. Inventore explicabo qui quia ducimus consectetur.', 'Nissan', 'default.jpg', 2006, 'Nissan Head Light 2006', '2017-11-29 19:00:54', '2017-11-29 19:00:54'),
(9, 4, 'Break Disk', 7, '4843 Hilpert Hollow Apt. 658', 'Est exercitationem voluptatem voluptates quia. Magnam rerum unde deleniti a voluptatem possimus. Eos ea repellendus et consequatur quis. Non est dolorum suscipit eum debitis corrupti. Veritatis molestiae consequuntur suscipit. Rerum accusamus tempora voluptas quod aut earum totam.', 'Isuzu', 'default.jpg', 2014, 'Isuzu Break Disk 2014', '2017-11-29 19:00:54', '2017-11-29 19:00:54'),
(10, 31, 'Head Light', 0, '434 Barton Circles Suite 657', 'Quaerat autem eaque molestiae non voluptatibus. Deleniti et quaerat quibusdam illum. Sit voluptatem consequuntur qui quia aut ut amet facilis. Nostrum consectetur fugiat cupiditate. Sunt ipsam totam incidunt asperiores.', 'Volvo', 'default.jpg', 2006, 'Volvo Head Light 2006', '2017-11-29 19:00:54', '2017-11-29 19:00:54'),
(11, 14, 'Engine Block', 1, '149 Nelda Curve', 'Nobis autem cum itaque quo doloremque. Beatae eum minus aspernatur consequatur consequatur voluptatibus. Ea qui minus minus ut. Non quo est inventore rerum omnis aut. Cum in eum enim.', 'Toyota', 'default.jpg', 2016, 'Toyota Engine Block 2016', '2017-11-29 19:00:54', '2017-11-29 19:00:54'),
(12, 45, 'Transmission', 0, '33166 Casper Fords Suite 314', 'Quia rerum reiciendis rem error. Ipsum quos perspiciatis sed. Rerum consequuntur placeat magnam. Minima magnam dolores omnis vitae omnis iusto.', 'Ford', 'default.jpg', 2000, 'Ford Transmission 2000', '2017-11-29 19:00:54', '2017-11-29 19:00:54'),
(13, 31, 'Break Disk', 6, '64812 Lubowitz Courts Suite 645', 'Deleniti rem nihil ea ad. Vel quam quia quis eius eum et architecto occaecati. Magni non ab mollitia ad laboriosam quia. Qui exercitationem repellat quia culpa quas et.', 'Nissan', 'default.jpg', 2001, 'Nissan Break Disk 2001', '2017-11-29 19:00:54', '2017-11-29 19:00:54'),
(14, 38, 'Head Light', 10, '76543 Brooks Manor', 'Aut quibusdam pariatur excepturi temporibus expedita temporibus aut labore. Sequi aut et ut eius qui et dignissimos. Laboriosam sed quo et voluptas. Et maxime enim qui amet possimus ut. Eum esse nobis laboriosam. Non sit accusamus id molestiae eum quo aut. Itaque exercitationem omnis excepturi quod.', 'Volkswagen', 'default.jpg', 2008, 'Volkswagen Head Light 2008', '2017-11-29 19:00:54', '2017-11-29 19:00:54'),
(15, 6, 'Tail Light', 1, '531 Schmitt Village', 'Officiis fugit enim veniam molestiae veritatis impedit veritatis. Alias quibusdam commodi quasi qui. Delectus rerum officia sit. Minima debitis officiis dicta est consectetur. Omnis quos doloribus soluta tempora. Voluptatibus est velit ipsam qui ea reiciendis.', 'Volvo', 'default.jpg', 1998, 'Volvo Tail Light 1998', '2017-11-29 19:00:54', '2017-11-29 19:00:54'),
(16, 64, 'GearBox', 0, '72095 Madyson Lane', 'Voluptas et laboriosam ratione non id. Consectetur officia iure optio odit reprehenderit. Ut fuga sed ipsa est. Nostrum numquam est consequatur sed. Cupiditate voluptates molestiae officiis porro veritatis officiis cum aut. Ratione commodi voluptas dolore voluptatem. Nisi vel est provident.', 'Volvo', 'default.jpg', 2010, 'Volvo GearBox 2010', '2017-11-29 19:00:54', '2017-11-29 19:00:54'),
(17, 83, 'Engine Block', 5, '497 Hester Junction Apt. 631', 'Voluptatem doloribus officia cum occaecati aut ab ex ea. A nemo qui non et iure ut. Molestiae ipsa dolorum aut consequatur voluptatem ut nulla voluptatem. Quaerat ut sed molestiae delectus. Voluptates repellat ipsum sit expedita sit saepe qui.', 'Ford', 'default.jpg', 1999, 'Ford Engine Block 1999', '2017-11-29 19:00:54', '2017-11-29 19:00:54'),
(18, 56, 'Engine Block', 0, '9951 Tyreek Coves', 'Mollitia maxime quod perspiciatis placeat. Perspiciatis excepturi quo modi dicta debitis asperiores eum error. Non quisquam sunt et aut quasi dolore. Et et distinctio aut numquam. Modi et perferendis hic vitae. Unde qui qui eos ut.', 'Isuzu', 'default.jpg', 2008, 'Isuzu Engine Block 2008', '2017-11-29 19:00:54', '2017-11-29 19:00:54'),
(19, 62, 'Break Disk', 8, '4426 Crooks Ford Suite 183', 'Aut omnis excepturi ex et voluptates perferendis. Earum nobis eligendi aut porro numquam. Assumenda recusandae assumenda necessitatibus dolor sed. Aut repellat vel expedita excepturi perferendis. Tempora nam soluta veniam consectetur aliquam.', 'Ford', 'default.jpg', 2015, 'Ford Break Disk 2015', '2017-11-29 19:00:54', '2017-11-29 19:00:54'),
(20, 29, 'Tail Light', 9, '1136 Carmine Mountains', 'Sit saepe numquam provident aliquid. Rerum non nobis delectus. Non accusantium non quam error voluptatibus. Aliquam et earum rerum eveniet quaerat nostrum. Error qui deserunt dolores modi ut iste dolorum. Eum possimus aut non dolores numquam. Tenetur molestiae rerum autem deserunt vitae necessitatibus et libero.', 'Ford', 'default.jpg', 2015, 'Ford Tail Light 2015', '2017-11-29 19:00:54', '2017-11-29 19:00:54'),
(21, 66, 'Engine Block', 8, '8136 Ocie Pike', 'Ipsam architecto ea dolores sed. Non nihil qui tempore inventore dolore alias officia. Omnis veritatis dignissimos molestiae sequi. Eos quibusdam ut voluptas praesentium pariatur. Pariatur ut adipisci doloremque deserunt sequi. Ut vel autem facere qui excepturi autem exercitationem.', 'Toyota', 'default.jpg', 2002, 'Toyota Engine Block 2002', '2017-11-29 19:00:54', '2017-11-29 19:00:54'),
(22, 92, 'Transmission', 0, '6724 Pouros Square Suite 520', 'Aut aperiam rerum in est. Alias unde animi aspernatur. Quia sit quibusdam eaque quia consectetur. Recusandae molestiae culpa ea saepe id minus corrupti. Hic debitis fuga ea cum nemo corporis tempore. Maxime tempore laudantium qui assumenda. Minima id ut ut beatae.', 'Volvo', 'default.jpg', 2001, 'Volvo Transmission 2001', '2017-11-29 19:00:54', '2017-11-29 19:00:54'),
(23, 10, 'Turbo Charger', 5, '510 Raynor Forest', 'Quo illo consequuntur corrupti tempora minus excepturi dolor et. Tempore vel aliquid quasi animi occaecati pariatur. Quod officiis veritatis quod dolores possimus debitis. Quod excepturi reprehenderit dolorem laboriosam est. Quos minima rerum dolorem sed nihil doloribus accusamus. Aut hic pariatur consectetur quis excepturi.', 'Ford', 'default.jpg', 2012, 'Ford Turbo Charger 2012', '2017-11-29 19:00:54', '2017-11-29 19:00:54'),
(24, 50, 'Head Light', 5, '54287 Camron Course Apt. 865', 'Sit iure ratione sint quo. Ut totam ad ea distinctio optio. Et eum nesciunt et similique delectus. Dolores ut culpa et sequi debitis quia. Aliquam nemo cupiditate est unde.', 'Nissan', 'default.jpg', 2001, 'Nissan Head Light 2001', '2017-11-29 19:00:54', '2017-11-29 19:00:54'),
(25, 68, 'Tail Light', 9, '848 Will Gateway', 'Non nihil aut dolores accusantium sit. Qui ad doloremque et. Aut voluptatem voluptatum odio facere id id. Est officia accusantium ut dolorum deleniti est sed. Dolorem laudantium atque doloremque error officiis quibusdam. Eveniet beatae sit ratione earum doloremque.', 'Toyota', 'default.jpg', 2000, 'Toyota Tail Light 2000', '2017-11-29 19:00:54', '2017-11-29 19:00:54'),
(26, 98, 'Head Light', 2, '5224 Gaston Shoals', 'Omnis modi et esse illo est. Provident sequi inventore voluptatem earum commodi id eos voluptate. Doloremque itaque sed ut. Eveniet adipisci iusto enim mollitia qui a voluptatem eveniet. Quasi omnis doloremque maxime odio sequi. Voluptatum nesciunt voluptas ut vel qui. Dolores tenetur earum eius deleniti aut dolor.', 'Nissan', 'default.jpg', 2003, 'Nissan Head Light 2003', '2017-11-29 19:00:54', '2017-11-29 19:00:54'),
(27, 59, 'Engine Block', 2, '5708 Ottis Circles', 'Vel enim mollitia vel. Quia cupiditate fugiat nostrum delectus. Possimus excepturi deleniti alias quod enim sunt magnam. Reiciendis non dolorum veritatis quasi. Culpa necessitatibus et corrupti quas est ad aut. Voluptatibus dolore sit aut cumque quidem excepturi soluta sed.', 'Ford', 'default.jpg', 2001, 'Ford Engine Block 2001', '2017-11-29 19:00:54', '2017-11-29 19:00:54'),
(28, 60, 'Head Light', 0, '34405 Gusikowski Harbor Suite 139', 'Voluptas omnis animi rerum culpa fugit. Voluptatem ipsum laudantium est voluptatem et quaerat veritatis. Aliquam sint sunt iure saepe enim est aperiam. Accusantium quo reprehenderit deleniti autem.', 'Volvo', 'default.jpg', 1999, 'Volvo Head Light 1999', '2017-11-29 19:00:54', '2017-11-29 19:00:54'),
(29, 69, 'Engine Block', 2, '91114 Doug Motorway', 'Quo illum repellendus nemo optio voluptatem ut. Voluptatem harum repellat dolorum eaque accusantium. Commodi aut nam ipsam ducimus est. Quis aut voluptas rem. Recusandae laboriosam similique inventore quia sed vel. Voluptatem et sed quasi distinctio.', 'Isuzu', 'default.jpg', 2001, 'Isuzu Engine Block 2001', '2017-11-29 19:00:54', '2017-11-29 19:00:54'),
(30, 92, 'Break Disk', 5, '5253 Yasmine Orchard Suite 426', 'Modi eos et voluptatem ut. Sapiente nobis non tempora dolorum corrupti. Tempora sed natus dolorem id molestiae voluptas tempore. Accusantium libero eum ab. Explicabo natus eos asperiores velit impedit nesciunt laborum et.', 'Volkswagen', 'default.jpg', 1999, 'Volkswagen Break Disk 1999', '2017-11-29 19:00:54', '2017-11-29 19:00:54'),
(31, 82, 'Engine Block', 7, '27540 Rolfson Haven Suite 312', 'Ea dicta cupiditate ad iure a itaque at rerum. Id laborum omnis optio laboriosam cum dolorem. Repudiandae officiis quo veniam aut neque velit quia. Sint cumque ut quia aut sit ad porro perferendis. Vel eum magni sunt est cum rem nihil. Dolor natus natus saepe in. Facere quisquam est optio at omnis numquam est.', 'Ford', 'default.jpg', 1999, 'Ford Engine Block 1999', '2017-11-29 19:00:54', '2017-11-29 19:00:54'),
(32, 10, 'Head Light', 2, '148 Kovacek Corner Apt. 274', 'Qui id atque aliquam nihil. Est et cupiditate officiis qui reprehenderit non qui. Error repellat rem dolor voluptatem quod autem in sequi. Id sapiente quasi exercitationem.', 'Toyota', 'default.jpg', 2017, 'Toyota Head Light 2017', '2017-11-29 19:00:54', '2017-11-29 19:00:54'),
(33, 37, 'Turbo Charger', 2, '79420 Feeney Path Apt. 056', 'Error ducimus dolores laboriosam minima sequi qui. Voluptates autem quas repellendus omnis vel qui nam. Nulla iusto dolores libero est quis. Sed totam ut minima. Dicta rem quo asperiores quia et doloribus. Atque modi nobis dolores officiis sit explicabo similique officia.', 'Ford', 'default.jpg', 2017, 'Ford Turbo Charger 2017', '2017-11-29 19:00:54', '2017-11-29 19:00:54'),
(34, 43, 'Head Light', 0, '4266 Abbott Square Apt. 418', 'Sunt ut saepe cupiditate dolorem vitae. Consequuntur quia eaque esse veritatis. Excepturi debitis quas et officiis velit a quia non. Pariatur quisquam reiciendis quo quasi.', 'Isuzu', 'default.jpg', 2001, 'Isuzu Head Light 2001', '2017-11-29 19:00:54', '2017-11-29 19:00:54'),
(35, 57, 'GearBox', 0, '135 Krystina Villages', 'Est odit sunt quae quidem nihil eum. Quos qui maxime ipsa nisi non eos magnam. Optio occaecati repellat aliquid soluta. Est dolorem facere quo inventore id reprehenderit ab voluptatum. Qui laborum accusantium maiores omnis eum.', 'Nissan', 'default.jpg', 2004, 'Nissan GearBox 2004', '2017-11-29 19:00:54', '2017-11-29 19:00:54'),
(36, 71, 'Engine Block', 0, '7428 Maryse Lodge Suite 702', 'Dolor sit autem eos esse vero vel. Quam dolorem odio inventore. Porro quisquam dolorem voluptate. Possimus laudantium praesentium eos.', 'Ford', 'default.jpg', 2008, 'Ford Engine Block 2008', '2017-11-29 19:00:54', '2017-11-29 19:00:54'),
(37, 23, 'Head Light', 0, '6180 Nikolaus Inlet', 'Mollitia fugiat quibusdam explicabo. Omnis ut non modi est vel officiis quisquam. Eos autem voluptatum sed nulla nulla dolor quaerat. Facilis a aut accusamus qui.', 'Toyota', 'default.jpg', 2017, 'Toyota Head Light 2017', '2017-11-29 19:00:54', '2017-11-29 19:00:54'),
(38, 28, 'Transmission', 5, '82133 Stacey Lights Apt. 696', 'Distinctio id tenetur aliquam sed a mollitia. Ratione sapiente perferendis aut quam impedit sed libero. Quae sapiente itaque iure illo quae aut. Nemo sequi sint debitis maxime.', 'Volvo', 'default.jpg', 2005, 'Volvo Transmission 2005', '2017-11-29 19:00:54', '2017-11-29 19:00:54'),
(39, 88, 'Engine Block', 6, '13650 Reinhold Junctions Apt. 586', 'Officia vel neque ut consectetur accusamus. Qui voluptas reprehenderit atque aspernatur quia. Est consequatur ea perferendis totam itaque aut a dolorem. Aut id voluptates natus fugiat magni. In qui illum quae unde. Quae rerum ipsum autem molestias dignissimos.', 'Ford', 'default.jpg', 2007, 'Ford Engine Block 2007', '2017-11-29 19:00:54', '2017-11-29 19:00:54'),
(40, 95, 'Tail Light', 0, '132 Hillard Trail', 'Eligendi tempore exercitationem est commodi rerum eaque. Laboriosam nobis voluptatem voluptas ducimus explicabo. Dolorum enim architecto earum id itaque eveniet nesciunt. Culpa dicta voluptatem voluptatum explicabo. Inventore animi et ex inventore ratione sunt accusantium. Ut quia autem et ipsa nihil.', 'Volkswagen', 'default.jpg', 2008, 'Volkswagen Tail Light 2008', '2017-11-29 19:00:54', '2017-11-29 19:00:54'),
(41, 47, 'Head Light', 7, '4288 Yasmin Views', 'Corporis expedita velit magnam doloremque et. Fugit est ut est. Harum vero odit aut harum vel cupiditate rerum et. Debitis aut eligendi ut quia repudiandae unde. Et corrupti vel aliquid ut pariatur aut.', 'Nissan', 'default.jpg', 2016, 'Nissan Head Light 2016', '2017-11-29 19:00:54', '2017-11-29 19:00:54'),
(42, 64, 'Head Light', 0, '6497 Considine Islands Suite 685', 'Sapiente voluptatem neque est totam et adipisci. Officiis aliquid sint nisi aut et. Necessitatibus dolor inventore eligendi quisquam. Sunt est voluptatem voluptatibus et porro. Mollitia velit officiis velit quia sunt. Adipisci ut expedita sit ipsam nobis a. Voluptatem sed quaerat dolorem nobis doloribus.', 'Ford', 'default.jpg', 2002, 'Ford Head Light 2002', '2017-11-29 19:00:54', '2017-11-29 19:00:54'),
(43, 48, 'Tail Light', 10, '4477 Schowalter Cape', 'Animi expedita dolor rerum laudantium. Omnis atque temporibus cum reprehenderit officia ut praesentium optio. Iure esse ab iste. Odio neque quia voluptates nobis quae voluptas nesciunt. Omnis labore vitae ad id quisquam ab qui. Quos et illo rem.', 'Volvo', 'default.jpg', 2012, 'Volvo Tail Light 2012', '2017-11-29 19:00:54', '2017-11-29 19:00:54'),
(44, 87, 'Head Light', 0, '901 Roob Mill', 'Occaecati corrupti deserunt quos dolor qui consequuntur velit. Sapiente sunt quia temporibus sed. Qui ut numquam suscipit autem corporis minima. Quidem aut officia nesciunt possimus autem qui. Doloremque quaerat et rem vero inventore adipisci. Nulla aut dolorem quibusdam dolor. Earum ab est natus voluptatem.', 'Nissan', 'default.jpg', 2016, 'Nissan Head Light 2016', '2017-11-29 19:00:54', '2017-11-29 19:00:54'),
(45, 76, 'Head Light', 0, '449 Mossie Squares', 'Similique ut iusto repudiandae aperiam corporis quasi. Beatae nam maxime harum qui. Reprehenderit aut architecto quos est voluptatem quis vero. Eius aliquam doloribus possimus iure omnis.', 'Volkswagen', 'default.jpg', 2007, 'Volkswagen Head Light 2007', '2017-11-29 19:00:54', '2017-11-29 19:00:54'),
(46, 5, 'Turbo Charger', 0, '66920 Treutel Parks', 'Recusandae molestias accusamus hic quis voluptas rerum distinctio. Voluptate ex nihil quo exercitationem quia. Voluptas voluptatem omnis accusantium. Cupiditate eius ea quidem et facere nulla quasi.', 'Volvo', 'default.jpg', 2009, 'Volvo Turbo Charger 2009', '2017-11-29 19:00:54', '2017-11-29 19:00:54'),
(47, 55, 'Head Light', 3, '8428 Stokes Branch Apt. 301', 'Aut quo in sed voluptatem. Error aut non distinctio quae necessitatibus. Harum facere ipsa ducimus iure fuga. Eius sapiente et asperiores reprehenderit esse. Praesentium asperiores unde dolorum quibusdam consequatur ex itaque. Distinctio voluptas dignissimos veniam recusandae nihil minima ut. Et possimus voluptate quia saepe tempore qui illum quas.', 'Volkswagen', 'default.jpg', 2000, 'Volkswagen Head Light 2000', '2017-11-29 19:00:54', '2017-11-29 19:00:54'),
(48, 64, 'Break Disk', 0, '9399 Celestino Orchard Suite 787', 'Possimus exercitationem odit eum nemo voluptas tenetur. Optio commodi dolorum deleniti quaerat deleniti porro dicta. Vitae animi cum tempore dolor et sint qui. Atque provident animi aut. Qui fuga et esse unde. Officiis harum dolorem debitis ab. Molestias et autem repellat eum non.', 'Ford', 'default.jpg', 2016, 'Ford Break Disk 2016', '2017-11-29 19:00:54', '2017-11-29 19:00:54'),
(49, 22, 'Head Light', 0, '53133 Noel Squares Apt. 607', 'Corporis dolor corporis dolor voluptates. Doloremque reiciendis ut architecto eveniet similique. Aut ut cum quia eveniet amet vel. Consequuntur ut culpa dolorum sed. Velit cum ex eveniet ut quam. Perferendis enim commodi aperiam consequatur cum sed harum. Amet est nulla earum quos totam dolore temporibus.', 'Ford', 'default.jpg', 1999, 'Ford Head Light 1999', '2017-11-29 19:00:54', '2017-11-29 19:00:54'),
(50, 15, 'Engine Block', 0, '26924 Howe Plaza Suite 007', 'Eaque quia quos officia provident totam. Et enim alias unde quia hic quidem delectus aliquid. Autem ipsum maiores nam. Qui vero nihil enim pariatur impedit veritatis quo. Quaerat facere qui fugiat magni in numquam laudantium.', 'Toyota', 'default.jpg', 2007, 'Toyota Engine Block 2007', '2017-11-29 19:00:54', '2017-11-29 19:00:54'),
(51, 50, 'Transmission', 0, '26830 Hessel Land Suite 113', 'Inventore qui illum dicta aut. Laboriosam delectus pariatur perspiciatis modi. Et itaque sed accusamus velit qui. Nam ut deleniti minus autem. Ut numquam qui eveniet assumenda tempore. Voluptatum accusamus deserunt maiores odio et. Sed numquam cumque quia autem distinctio itaque natus sed.', 'Isuzu', 'default.jpg', 2009, 'Isuzu Transmission 2009', '2017-11-29 19:00:54', '2017-11-29 19:00:54'),
(52, 63, 'Engine Block', 8, '11060 Reichel Union', 'Laudantium aut possimus reiciendis eveniet officiis sed. Error delectus odio veritatis vitae. Error adipisci repellendus natus dolor. Veniam quis nisi qui quas. Illo libero quisquam sed itaque. Repellat consequatur mollitia delectus neque.', 'Volkswagen', 'default.jpg', 1998, 'Volkswagen Engine Block 1998', '2017-11-29 19:00:54', '2017-11-29 19:00:54'),
(53, 63, 'Engine Block', 1, '65114 Erdman Well', 'Unde voluptas cupiditate eius ut. Non enim minus aut tenetur est iusto explicabo. Dolorem ipsa ipsa consequatur dicta. Accusantium quas quaerat et. Labore ea animi sit pariatur porro ipsum corporis. Voluptatem soluta aut eligendi ut.', 'Volkswagen', 'default.jpg', 2007, 'Volkswagen Engine Block 2007', '2017-11-29 19:00:54', '2017-11-29 19:00:54'),
(54, 56, 'Head Light', 5, '345 Thompson Extensions Suite 214', 'Suscipit libero eligendi molestiae placeat. Repellendus ex voluptas ullam sit et. Asperiores quis modi quod error accusamus expedita. Commodi ipsa odit magni est inventore.', 'Toyota', 'default.jpg', 1998, 'Toyota Head Light 1998', '2017-11-29 19:00:54', '2017-11-29 19:00:54'),
(55, 4, 'Head Light', 0, '3995 Grant Meadows Apt. 629', 'Et ea dolores necessitatibus blanditiis. At dolore explicabo odio. Non incidunt ut temporibus nihil. Molestiae vel error sunt est qui dolore. Architecto consequatur ut eum quod repellat. Culpa labore dolores fugiat. Velit perspiciatis officia iste modi voluptatibus sed sint.', 'Toyota', 'default.jpg', 2002, 'Toyota Head Light 2002', '2017-11-29 19:00:54', '2017-11-29 19:00:54'),
(56, 23, 'GearBox', 2, '201 Yasmeen Inlet Apt. 133', 'Alias maiores assumenda qui ex quo. Eveniet impedit at officiis ut. Labore voluptatem atque et perferendis neque consequuntur. Quidem est incidunt et doloremque officia tenetur. Molestias nihil excepturi architecto deleniti optio laborum quae.', 'Isuzu', 'default.jpg', 1999, 'Isuzu GearBox 1999', '2017-11-29 19:00:54', '2017-11-29 19:00:54'),
(57, 64, 'Engine Block', 0, '1886 Ferry Forest Suite 951', 'Placeat molestiae rerum cumque sunt omnis tempora. Perspiciatis iusto deleniti possimus autem officia molestias eligendi. Est voluptate quae rerum aliquam odio ut officia unde. Eius numquam dolores ratione velit odit consequatur. Aut ut sed odio ullam velit.', 'Toyota', 'default.jpg', 1998, 'Toyota Engine Block 1998', '2017-11-29 19:00:54', '2017-11-29 19:00:54'),
(58, 76, 'Transmission', 0, '30368 Beer Crossing', 'Numquam nisi molestiae dolores. Molestias nostrum quasi quia officia voluptas id. Laboriosam optio veritatis repudiandae. Non aut et magnam sapiente. Voluptatibus consequuntur ipsa porro dolor doloremque temporibus. Quam nihil laudantium tempore. Expedita placeat deserunt minima omnis odit.', 'Ford', 'default.jpg', 2008, 'Ford Transmission 2008', '2017-11-29 19:00:54', '2017-11-29 19:00:54'),
(59, 96, 'Tail Light', 0, '741 Hoppe Manor', 'Itaque et optio eos consequatur accusamus facilis. Non dolores quae dolorum nisi sit. Totam nesciunt temporibus dolores deserunt rerum error. Beatae sit aut ea autem fugiat. Enim similique adipisci perferendis architecto. Aut tempora accusamus ex ducimus. Ducimus ut quae illum fugiat quisquam dolore.', 'Toyota', 'default.jpg', 2002, 'Toyota Tail Light 2002', '2017-11-29 19:00:54', '2017-11-29 19:00:54'),
(60, 88, 'Transmission', 10, '20490 Frami Manor', 'Dicta officia repellat voluptates tempore placeat. Voluptatem ab atque sint est sed. Tempore rerum inventore qui eius. Ipsam sed provident suscipit voluptatem quisquam. Molestias cumque cumque ullam unde accusantium. Et vel molestiae velit et.', 'Nissan', 'default.jpg', 2005, 'Nissan Transmission 2005', '2017-11-29 19:00:54', '2017-11-29 19:00:54'),
(61, 94, 'Break Disk', 10, '42392 Hackett Parkway', 'Perspiciatis aspernatur rem inventore laborum et. Aperiam reprehenderit repellat quaerat tempora veniam suscipit. Ab non sed id minus laboriosam nam. Quia cumque illo nam dolore commodi delectus enim. Ea et esse est. Sed repellendus ut corrupti reprehenderit. Laboriosam dicta enim sit qui.', 'Toyota', 'default.jpg', 2011, 'Toyota Break Disk 2011', '2017-11-29 19:00:54', '2017-11-29 19:00:54'),
(62, 9, 'Tail Light', 0, '85816 Hank Flat', 'Itaque est et qui illum illo laborum. Voluptatem consectetur est voluptatem voluptas error tenetur. Consequuntur voluptas eum quos a aut. Doloremque aut molestiae nemo repudiandae et sed quos.', 'Nissan', 'default.jpg', 2014, 'Nissan Tail Light 2014', '2017-11-29 19:00:54', '2017-11-29 19:00:54'),
(63, 15, 'Turbo Charger', 10, '268 Zula Points Suite 882', 'Et occaecati aliquid vero consequatur vero assumenda quidem. Voluptatem blanditiis vitae qui doloribus dolorem. Sunt ipsum voluptas et quos adipisci. Velit sit quos saepe laboriosam veniam id recusandae. Consequatur omnis aut tenetur mollitia ut aliquid sunt mollitia. Aperiam officiis voluptas at. Velit tempore sapiente sint.', 'Isuzu', 'default.jpg', 2011, 'Isuzu Turbo Charger 2011', '2017-11-29 19:00:54', '2017-11-29 19:00:54'),
(64, 55, 'Transmission', 8, '6968 Collier Run Suite 555', 'Debitis odit odit vitae laborum vero hic. Sed nostrum blanditiis et in rerum voluptatem. Veniam dolores cumque eum. Quam et dignissimos ut minima eum. Enim hic neque illo fuga et eaque porro. Non nobis quaerat eveniet. Modi illo earum aut harum nesciunt illum cum.', 'Volvo', 'default.jpg', 2013, 'Volvo Transmission 2013', '2017-11-29 19:00:54', '2017-11-29 19:00:54'),
(65, 23, 'GearBox', 6, '148 Yazmin Stream', 'Ut quod non cupiditate quo veniam minima. Consequatur nesciunt sint quibusdam est. Facilis accusamus non ratione neque vel fuga. Optio totam sed consequuntur cumque quia harum. Aut voluptatem est velit et commodi aliquam delectus. Nam nostrum molestiae unde fugiat.', 'Volkswagen', 'default.jpg', 2008, 'Volkswagen GearBox 2008', '2017-11-29 19:00:54', '2017-11-29 19:00:54'),
(66, 14, 'Turbo Charger', 5, '38462 Napoleon Key', 'Et dolorem optio ipsum assumenda est sed. Vitae et quia provident nostrum quia ea. Facere magni est culpa. Qui sed unde et non. Laboriosam animi quibusdam perferendis vitae. Blanditiis ut autem adipisci mollitia velit quasi illo exercitationem. Aut error et veritatis eos.', 'Nissan', 'default.jpg', 2006, 'Nissan Turbo Charger 2006', '2017-11-29 19:00:54', '2017-11-29 19:00:54'),
(67, 38, 'Break Disk', 0, '51199 Lueilwitz Avenue', 'Eius voluptatem dolores ab et. Amet similique adipisci sapiente. Odit sit quo mollitia magnam. Amet vitae vel id aut et qui et occaecati. Et eligendi id officia officiis.', 'Nissan', 'default.jpg', 2002, 'Nissan Break Disk 2002', '2017-11-29 19:00:54', '2017-11-29 19:00:54'),
(68, 30, 'GearBox', 2, '268 Olson Trace Suite 514', 'Id quis praesentium quisquam et perspiciatis commodi. Unde similique molestiae similique enim. Facilis exercitationem tenetur dolorem quisquam libero laborum nobis sit. Numquam quisquam et fuga quis quia minus aliquam. Dolor dolore cum vitae distinctio delectus. Odit qui nostrum delectus velit.', 'Volvo', 'default.jpg', 2009, 'Volvo GearBox 2009', '2017-11-29 19:00:54', '2017-11-29 19:00:54'),
(69, 65, 'Turbo Charger', 10, '169 Kenyon Branch', 'Commodi eos quia impedit qui. Ad labore ut perferendis consectetur aut consequatur nihil quaerat. Quas pariatur est doloribus. Laborum vero et et amet ad quos.', 'Isuzu', 'default.jpg', 2017, 'Isuzu Turbo Charger 2017', '2017-11-29 19:00:54', '2017-11-29 19:00:54'),
(70, 58, 'Break Disk', 0, '616 Tyson Plain', 'Et soluta dolorem recusandae quae voluptas. Natus et animi iure aut quo. Quam non laborum voluptate. Quisquam porro quia corrupti autem.', 'Ford', 'default.jpg', 1998, 'Ford Break Disk 1998', '2017-11-29 19:00:54', '2017-11-29 19:00:54'),
(71, 77, 'GearBox', 10, '2495 Crona Squares Suite 520', 'Vero dolorum exercitationem culpa vitae iste. Molestiae qui officiis eius omnis reiciendis est quia. Eum voluptatem voluptatem ipsa at ratione ut animi. Similique sed sed enim repellat. Illum eveniet nulla sequi tenetur sit nam. Saepe est nesciunt commodi est ad harum.', 'Isuzu', 'default.jpg', 2004, 'Isuzu GearBox 2004', '2017-11-29 19:00:54', '2017-11-29 19:00:54'),
(72, 62, 'Tail Light', 3, '565 Laila Circles', 'Reprehenderit error dolorem nisi itaque animi quisquam beatae. Aliquam sed optio beatae ea quidem autem consequatur rem. Qui maiores quis perspiciatis et corrupti. Modi rerum ea officia minima et ea ut.', 'Ford', 'default.jpg', 2015, 'Ford Tail Light 2015', '2017-11-29 19:00:54', '2017-11-29 19:00:54'),
(73, 47, 'Transmission', 0, '62744 Herbert Squares', 'In corporis ducimus rerum non veniam. Ipsam optio accusantium in placeat aliquid. Temporibus quasi magnam voluptas illum quia ea. Repellat vel quas iusto voluptas eum.', 'Toyota', 'default.jpg', 2004, 'Toyota Transmission 2004', '2017-11-29 19:00:54', '2017-11-29 19:00:54'),
(74, 92, 'GearBox', 0, '170 Estella Cliffs', 'Recusandae vel hic sunt. Ut tempore voluptatem voluptas nobis. Architecto amet quia placeat rerum recusandae consequuntur. Est fugiat laborum expedita eum. Voluptas et porro explicabo molestiae iure consequuntur. Blanditiis odit nihil minus et ea.', 'Isuzu', 'default.jpg', 2004, 'Isuzu GearBox 2004', '2017-11-29 19:00:54', '2017-11-29 19:00:54'),
(75, 93, 'Tail Light', 0, '14624 Lueilwitz Loop Apt. 789', 'Id placeat nostrum culpa magnam nulla voluptatem voluptatem. Quibusdam et voluptas esse quis. Voluptatum nisi similique neque aliquam qui omnis. Omnis quas perspiciatis harum.', 'Volkswagen', 'default.jpg', 1999, 'Volkswagen Tail Light 1999', '2017-11-29 19:00:54', '2017-11-29 19:00:54'),
(76, 4, 'Transmission', 0, '667 Miller Throughway', 'Sequi alias fuga quia molestias sapiente. Sed harum molestias nihil rerum. Sit et error sit quia aliquam deleniti voluptatum. Eos voluptatem hic voluptate est ea praesentium placeat. Maxime voluptate fugit illum architecto nobis. Iste corporis adipisci sequi odit. Corporis quia sit blanditiis.', 'Ford', 'default.jpg', 2011, 'Ford Transmission 2011', '2017-11-29 19:00:54', '2017-11-29 19:00:54'),
(77, 11, 'Head Light', 0, '8440 Greenholt Gardens', 'Corrupti ex dolorem laudantium. Recusandae animi illo recusandae sed nulla velit omnis. Est dolorum et doloremque. Minus qui repellat assumenda quo rem reiciendis. Enim nemo voluptatem nam sunt. Voluptates quasi reprehenderit qui sit ut quia.', 'Toyota', 'default.jpg', 2013, 'Toyota Head Light 2013', '2017-11-29 19:00:54', '2017-11-29 19:00:54'),
(78, 24, 'Turbo Charger', 1, '736 Willard Flats Suite 876', 'Praesentium dolorum eius illum molestiae. Eos aut voluptatem officiis quaerat qui illum autem nulla. Dicta est ullam magni in magni porro. Non perferendis adipisci ullam quis. Unde placeat consequuntur praesentium aliquid.', 'Volkswagen', 'default.jpg', 2003, 'Volkswagen Turbo Charger 2003', '2017-11-29 19:00:54', '2017-11-29 19:00:54'),
(79, 17, 'Engine Block', 0, '53180 Maggie Lodge', 'Accusantium et assumenda voluptate hic itaque vel consequatur. Dolores eos blanditiis nam quia maiores. Aperiam voluptas qui facere ex. Ducimus perferendis accusamus est quo. Qui non voluptatum quidem sed.', 'Volvo', 'default.jpg', 2011, 'Volvo Engine Block 2011', '2017-11-29 19:00:54', '2017-11-29 19:00:54'),
(80, 37, 'GearBox', 5, '941 Ladarius Extension Apt. 647', 'Quos harum nam eos aspernatur. Molestiae modi quod sed id consequuntur maxime. Quo voluptatem quam similique suscipit et ea illum. Saepe quos inventore architecto aliquam saepe exercitationem. Vel quod eum saepe tempora incidunt quia. Aperiam magni modi qui nisi non aut vitae.', 'Isuzu', 'default.jpg', 1998, 'Isuzu GearBox 1998', '2017-11-29 19:00:54', '2017-11-29 19:00:54'),
(81, 75, 'Head Light', 0, '712 Bogisich Prairie', 'Ducimus enim et dicta amet. Assumenda eligendi optio quia enim vel. Quam culpa sed quae tenetur eos minima necessitatibus. Excepturi qui nobis iusto similique beatae praesentium.', 'Volkswagen', 'default.jpg', 2016, 'Volkswagen Head Light 2016', '2017-11-29 19:00:54', '2017-11-29 19:00:54'),
(82, 78, 'Break Disk', 1, '542 Schneider Locks', 'Ratione aliquid consectetur vel deleniti voluptatum vitae. Laudantium dolore et officia molestiae et. Fuga et et neque error reiciendis. Possimus est corporis sed sint est et minima. Molestiae exercitationem enim nostrum dolor.', 'Isuzu', 'default.jpg', 2004, 'Isuzu Break Disk 2004', '2017-11-29 19:00:54', '2017-11-29 19:00:54'),
(83, 60, 'Tail Light', 0, '862 Otto Views Apt. 349', 'Laboriosam officiis quasi dignissimos. Dignissimos error vel maxime. Eveniet quisquam qui ad. Blanditiis in quibusdam iure architecto. Iure quam placeat ut autem dignissimos. Cumque excepturi voluptas exercitationem aut illum perferendis.', 'Toyota', 'default.jpg', 2004, 'Toyota Tail Light 2004', '2017-11-29 19:00:54', '2017-11-29 19:00:54'),
(84, 83, 'Transmission', 0, '782 Rudy Lake Apt. 797', 'Ut officiis assumenda est consequatur dicta sint. Molestias perspiciatis nisi debitis harum. Laborum voluptatem quos aspernatur aperiam et recusandae nisi. Sapiente ex hic debitis earum aut.', 'Volkswagen', 'default.jpg', 2004, 'Volkswagen Transmission 2004', '2017-11-29 19:00:54', '2017-11-29 19:00:54'),
(85, 99, 'GearBox', 9, '903 Pansy Mountain', 'Quo corrupti dolores praesentium omnis corrupti cumque. Provident possimus itaque autem et provident optio in. Ipsum necessitatibus voluptate consequatur ut sunt. Debitis et enim maxime voluptatibus soluta. Veniam in dolore voluptatum non rem eius. Veritatis aspernatur eos quia eius consequatur.', 'Nissan', 'default.jpg', 2000, 'Nissan GearBox 2000', '2017-11-29 19:00:54', '2017-11-29 19:00:54'),
(86, 54, 'Turbo Charger', 1, '5617 Aurore Curve', 'Ut doloremque officia adipisci dolores vel vel. Est nemo et deleniti optio quod. Reprehenderit eligendi suscipit consectetur iure dolores aut ut. In dolores iusto quis a et. Minus voluptatum numquam ipsum.', 'Volkswagen', 'default.jpg', 2016, 'Volkswagen Turbo Charger 2016', '2017-11-29 19:00:54', '2017-11-29 19:00:54'),
(87, 30, 'Break Disk', 7, '649 Rau Orchard', 'Delectus minus exercitationem voluptatibus quisquam incidunt ad voluptates maxime. Id culpa sint velit et magnam. Neque eaque adipisci omnis aperiam ducimus inventore. In omnis natus voluptatum blanditiis dolorem. Numquam quos non aperiam qui tenetur vero dicta ullam.', 'Volkswagen', 'default.jpg', 2015, 'Volkswagen Break Disk 2015', '2017-11-29 19:00:54', '2017-11-29 19:00:54'),
(88, 90, 'Break Disk', 7, '65753 Katelyn Rest', 'Eveniet voluptas magnam voluptatem quibusdam dolorem. Corrupti necessitatibus voluptatem nostrum quod quaerat aperiam. At doloribus delectus laboriosam officia qui. Ut molestiae cupiditate eum qui deleniti excepturi. Velit ratione odit aut numquam veniam qui.', 'Volvo', 'default.jpg', 2017, 'Volvo Break Disk 2017', '2017-11-29 19:00:54', '2017-11-29 19:00:54'),
(89, 27, 'Turbo Charger', 8, '95637 Langosh Vista Suite 959', 'In odit consequatur tempora quas voluptatem consequatur. Ducimus minima iste aut iure qui deserunt. Qui aut quos animi necessitatibus explicabo quas repudiandae. Sed dolore neque quo suscipit nobis.', 'Volkswagen', 'default.jpg', 2004, 'Volkswagen Turbo Charger 2004', '2017-11-29 19:00:54', '2017-11-29 19:00:54'),
(90, 20, 'Head Light', 3, '6917 Angelina Motorway Apt. 965', 'Sint provident debitis officiis possimus distinctio nostrum. Ut voluptatem quis beatae ab. Accusamus asperiores dolorem dignissimos fugiat velit porro. Autem assumenda ducimus asperiores odio est hic. Ab eum consectetur quo. Magnam modi explicabo ad quae.', 'Ford', 'default.jpg', 2004, 'Ford Head Light 2004', '2017-11-29 19:00:54', '2017-11-29 19:00:54'),
(91, 7, 'Tail Light', 6, '55461 Gabriella Extensions Suite 558', 'Autem rem expedita quo enim hic ab tenetur perferendis. Quia eligendi ad qui rerum eum suscipit qui. Ullam atque ea quibusdam. Cumque aut ut sed rerum repudiandae rerum.', 'Nissan', 'default.jpg', 2004, 'Nissan Tail Light 2004', '2017-11-29 19:00:54', '2017-11-29 19:00:54'),
(92, 73, 'Tail Light', 9, '62111 Pat Loop Suite 194', 'Eius molestiae quas aut quis. Et autem quo inventore sint. Expedita provident voluptatem corporis cum occaecati porro suscipit. Quidem nostrum saepe ipsum perspiciatis.', 'Nissan', 'default.jpg', 2003, 'Nissan Tail Light 2003', '2017-11-29 19:00:54', '2017-11-29 19:00:54'),
(93, 90, 'Head Light', 2, '10252 Marcus Manor', 'Et est illo et qui hic omnis ab. Quia ut unde tempora facilis sunt. Hic non et non. Unde est incidunt inventore sed. Expedita vitae adipisci dolor commodi. Libero totam laboriosam est molestiae necessitatibus.', 'Ford', 'default.jpg', 2003, 'Ford Head Light 2003', '2017-11-29 19:00:54', '2017-11-29 19:00:54'),
(94, 56, 'Tail Light', 0, '342 Forrest Village', 'Id impedit et asperiores consequatur. Tempore beatae sed delectus velit voluptatem id. Laboriosam est at quia vel voluptas quaerat. Cum ut itaque officia quam laborum ea reiciendis.', 'Nissan', 'default.jpg', 2003, 'Nissan Tail Light 2003', '2017-11-29 19:00:54', '2017-11-29 19:00:54'),
(95, 43, 'Engine Block', 8, '512 Grover Squares', 'Et corporis sed praesentium. Aut aut ut odit culpa quo adipisci nihil. Optio et quia accusantium possimus ut praesentium omnis voluptas. Quia autem nostrum expedita et saepe a.', 'Volvo', 'default.jpg', 2006, 'Volvo Engine Block 2006', '2017-11-29 19:00:54', '2017-11-29 19:00:54'),
(96, 68, 'Engine Block', 3, '831 Kling Rest', 'Aut dolor sunt sunt quia voluptatem. Beatae fugit perspiciatis maxime ducimus est asperiores aperiam. Quia explicabo expedita corporis sapiente eos. Omnis qui deserunt saepe inventore laboriosam eveniet. Error voluptas non tenetur labore.', 'Ford', 'default.jpg', 2007, 'Ford Engine Block 2007', '2017-11-29 19:00:54', '2017-11-29 19:00:54'),
(97, 8, 'Head Light', 0, '13407 Millie Land', 'Sunt libero saepe est vel. Excepturi autem ratione et qui est praesentium perferendis. Consequatur consequuntur iusto beatae. Corporis in cumque fugiat voluptatem. Possimus non repudiandae tenetur quas ab hic.', 'Volkswagen', 'default.jpg', 2004, 'Volkswagen Head Light 2004', '2017-11-29 19:00:54', '2017-11-29 19:00:54'),
(98, 59, 'Turbo Charger', 4, '559 Cole Viaduct Suite 532', 'Quis quia eum quo mollitia corporis reprehenderit enim est. Velit dolores ipsa ad provident quia. Consequatur ipsum aut tenetur eaque unde. Explicabo atque voluptatem ut iste odit. Debitis qui ratione suscipit quaerat recusandae. Exercitationem iste doloribus eaque nobis.', 'Ford', 'default.jpg', 1998, 'Ford Turbo Charger 1998', '2017-11-29 19:00:54', '2017-11-29 19:00:54'),
(99, 14, 'Turbo Charger', 0, '18010 Cayla Springs', 'Et sit earum eos dignissimos sapiente molestias repudiandae est. Dicta ipsa inventore assumenda quaerat aspernatur quos dicta. Voluptas molestiae aut natus expedita fugiat repellendus qui nemo. Eaque fugiat sapiente ad accusantium. Amet unde quibusdam et aut blanditiis.', 'Toyota', 'default.jpg', 2002, 'Toyota Turbo Charger 2002', '2017-11-29 19:00:54', '2017-11-29 19:00:54'),
(100, 83, 'Tail Light', 3, '904 Pfannerstill Groves Apt. 622', 'Aut non ut repellat in error porro ut nulla. Autem omnis qui ut omnis non repellendus aut. Atque vel consectetur praesentium nulla necessitatibus necessitatibus et. Delectus autem vel itaque. Eaque ut quo dolores quisquam distinctio explicabo. Commodi incidunt eius minima autem velit amet.', 'Toyota', 'default.jpg', 2011, 'Toyota Tail Light 2011', '2017-11-29 19:00:54', '2017-11-29 19:00:54'),
(101, 103, 'Front Grill', 0, 'Gateway Mall , Syokimau', 'VW-POLO-GRILL', 'VW Polo', 'imagepolo grill.jpg', 2008, 'VW Polo Front Grill 2008', '2017-12-04 10:28:47', '2017-12-04 10:28:48');

-- --------------------------------------------------------

--
-- Table structure for table `part_images`
--

CREATE TABLE `part_images` (
  `id` int(10) UNSIGNED NOT NULL,
  `part_id` int(11) NOT NULL,
  `image_name` varchar(255) COLLATE utf8mb4_unicode_ci NOT NULL,
  `created_at` timestamp NULL DEFAULT NULL,
  `updated_at` timestamp NULL DEFAULT NULL
) ENGINE=InnoDB DEFAULT CHARSET=utf8mb4 COLLATE=utf8mb4_unicode_ci;

--
-- Dumping data for table `part_images`
--

INSERT INTO `part_images` (`id`, `part_id`, `image_name`, `created_at`, `updated_at`) VALUES
(1, 101, 'imagepolo grill.jpg', '2017-12-04 10:28:47', '2017-12-04 10:28:47'),
(2, 1, 'tb.jpg', '2017-11-01 00:00:00', '2017-11-08 00:00:00');

-- --------------------------------------------------------

--
-- Table structure for table `password_resets`
--

CREATE TABLE `password_resets` (
  `email` varchar(255) COLLATE utf8mb4_unicode_ci NOT NULL,
  `token` varchar(255) COLLATE utf8mb4_unicode_ci NOT NULL,
  `created_at` timestamp NULL DEFAULT NULL
) ENGINE=InnoDB DEFAULT CHARSET=utf8mb4 COLLATE=utf8mb4_unicode_ci;

-- --------------------------------------------------------

--
-- Table structure for table `users`
--

CREATE TABLE `users` (
  `id` int(10) UNSIGNED NOT NULL,
  `name` varchar(255) COLLATE utf8mb4_unicode_ci NOT NULL,
  `username` varchar(255) COLLATE utf8mb4_unicode_ci NOT NULL,
  `mobile_number` varchar(255) COLLATE utf8mb4_unicode_ci NOT NULL,
  `country` varchar(255) COLLATE utf8mb4_unicode_ci DEFAULT NULL,
  `verified` tinyint(1) NOT NULL DEFAULT '0',
  `verification_token` varchar(255) COLLATE utf8mb4_unicode_ci DEFAULT NULL,
  `city` varchar(255) COLLATE utf8mb4_unicode_ci DEFAULT NULL,
  `email` varchar(255) COLLATE utf8mb4_unicode_ci NOT NULL,
  `password` varchar(255) COLLATE utf8mb4_unicode_ci NOT NULL,
  `remember_token` varchar(100) COLLATE utf8mb4_unicode_ci DEFAULT NULL,
  `created_at` timestamp NULL DEFAULT NULL,
  `updated_at` timestamp NULL DEFAULT NULL
) ENGINE=InnoDB DEFAULT CHARSET=utf8mb4 COLLATE=utf8mb4_unicode_ci;

--
-- Dumping data for table `users`
--

INSERT INTO `users` (`id`, `name`, `username`, `mobile_number`, `country`, `verified`, `verification_token`, `city`, `email`, `password`, `remember_token`, `created_at`, `updated_at`) VALUES
(1, 'John Doe', 'bob', '0712345678', 'Kenya', 1, NULL, 'Nairobi', 'bobiankimani@gmail.com', '$2y$10$aFUXO4r2cPRP8IhB5D94wOwSzQjomgjBi/cwPq/bwgFXFwld3XnzG', 'EuQpMGapIVGXScEddB6YoKoXdoN1KZVNwhooguiaI9fkKhTR7JvH4vXIaAYO', NULL, NULL),
(2, 'Anika Collins', 'dusty43', '+1865172058590', 'Ethiopia', 1, NULL, 'West Cassidy', 'ryleigh60@example.com', '$2y$10$r0FXEmx5zsaYHCcbeAI.XO33..xLlZ0Pa2NVm4ba4hLRz13/FgdlK', 'HkqHEK7y45', '2017-11-29 19:00:54', '2017-11-29 19:00:54'),
(3, 'Mr. Jett Kozey I', 'ehirthe', '+6000253550071', 'Brazil', 1, NULL, 'Trantowmouth', 'streutel@example.org', '$2y$10$r0FXEmx5zsaYHCcbeAI.XO33..xLlZ0Pa2NVm4ba4hLRz13/FgdlK', 'KiidjiDI4o', '2017-11-29 19:00:54', '2017-11-29 19:00:54'),
(4, 'Althea Bauch', 'fconsidine', '+8856873620354', 'Tajikistan', 1, NULL, 'Napoleonburgh', 'rodriguez.victoria@example.org', '$2y$10$r0FXEmx5zsaYHCcbeAI.XO33..xLlZ0Pa2NVm4ba4hLRz13/FgdlK', 'qHe915o7r3', '2017-11-29 19:00:54', '2017-11-29 19:00:54'),
(5, 'Donavon Bosco', 'jaylin00', '+8717609318255', 'Zimbabwe', 1, NULL, 'East Penelope', 'fgoldner@example.com', '$2y$10$r0FXEmx5zsaYHCcbeAI.XO33..xLlZ0Pa2NVm4ba4hLRz13/FgdlK', 'fzJUl1pYeF', '2017-11-29 19:00:54', '2017-11-29 19:00:54'),
(6, 'Prof. Viva Thompson V', 'wkoelpin', '+1500436886286', 'Nigeria', 1, NULL, 'North Emiliano', 'tcruickshank@example.net', '$2y$10$r0FXEmx5zsaYHCcbeAI.XO33..xLlZ0Pa2NVm4ba4hLRz13/FgdlK', '4g4elTP20k', '2017-11-29 19:00:54', '2017-11-29 19:00:54'),
(7, 'Leann Dibbert', 'murl.zboncak', '+2145678103794', 'Kazakhstan', 1, NULL, 'Reingerchester', 'janelle.schulist@example.org', '$2y$10$r0FXEmx5zsaYHCcbeAI.XO33..xLlZ0Pa2NVm4ba4hLRz13/FgdlK', 'zWr6R606PU', '2017-11-29 19:00:54', '2017-11-29 19:00:54'),
(8, 'Nella Miller', 'ifisher', '+7791390324385', 'Singapore', 1, NULL, 'Armandoshire', 'beer.deven@example.net', '$2y$10$r0FXEmx5zsaYHCcbeAI.XO33..xLlZ0Pa2NVm4ba4hLRz13/FgdlK', 'pwWo3yIGEb', '2017-11-29 19:00:54', '2017-11-29 19:00:54'),
(9, 'Meaghan Raynor V', 'qlarkin', '+6044430834871', 'Brazil', 1, NULL, 'East Karaside', 'knienow@example.net', '$2y$10$r0FXEmx5zsaYHCcbeAI.XO33..xLlZ0Pa2NVm4ba4hLRz13/FgdlK', 'Vpnp9X5ZMC', '2017-11-29 19:00:54', '2017-11-29 19:00:54'),
(10, 'Roslyn Morar', 'garnett08', '+5885116760677', 'Fiji', 1, NULL, 'West Kennedy', 'bpouros@example.org', '$2y$10$r0FXEmx5zsaYHCcbeAI.XO33..xLlZ0Pa2NVm4ba4hLRz13/FgdlK', '5tRyNbQxEp', '2017-11-29 19:00:54', '2017-11-29 19:00:54'),
(11, 'Nestor Reinger', 'seffertz', '+4669241731681', 'Martinique', 1, NULL, 'North Parisfort', 'jared07@example.net', '$2y$10$r0FXEmx5zsaYHCcbeAI.XO33..xLlZ0Pa2NVm4ba4hLRz13/FgdlK', 'rHXFps9fLN', '2017-11-29 19:00:54', '2017-11-29 19:00:54'),
(12, 'Dustin Ebert Sr.', 'joannie67', '+5922457164375', 'Central African Republic', 1, NULL, 'Swiftshire', 'dietrich.lura@example.org', '$2y$10$r0FXEmx5zsaYHCcbeAI.XO33..xLlZ0Pa2NVm4ba4hLRz13/FgdlK', 'Frjf8dQAAV', '2017-11-29 19:00:54', '2017-11-29 19:00:54'),
(13, 'Lily Emard', 'vada86', '+9472441443770', 'Panama', 1, NULL, 'East Reymundoport', 'nitzsche.libby@example.net', '$2y$10$r0FXEmx5zsaYHCcbeAI.XO33..xLlZ0Pa2NVm4ba4hLRz13/FgdlK', 'uvPyfpBNy3', '2017-11-29 19:00:54', '2017-11-29 19:00:54'),
(14, 'Kraig Cronin', 'morar.lyla', '+9266828673140', 'Honduras', 1, NULL, 'Lubowitzmouth', 'yhudson@example.org', '$2y$10$r0FXEmx5zsaYHCcbeAI.XO33..xLlZ0Pa2NVm4ba4hLRz13/FgdlK', 'OUy0SOSD5U', '2017-11-29 19:00:54', '2017-11-29 19:00:54'),
(15, 'Lauretta Kirlin IV', 'mante.kadin', '+6227444289364', 'Korea', 1, NULL, 'Lake Jesston', 'ebony.kohler@example.net', '$2y$10$r0FXEmx5zsaYHCcbeAI.XO33..xLlZ0Pa2NVm4ba4hLRz13/FgdlK', 'qFGjzaLTWI', '2017-11-29 19:00:54', '2017-11-29 19:00:54'),
(16, 'Elizabeth Gutmann', 'sprohaska', '+2803382265631', 'Ecuador', 1, NULL, 'South Dale', 'stewart.gaylord@example.com', '$2y$10$r0FXEmx5zsaYHCcbeAI.XO33..xLlZ0Pa2NVm4ba4hLRz13/FgdlK', 'sTTlekrsTU', '2017-11-29 19:00:54', '2017-11-29 19:00:54'),
(17, 'Edwin Kunze', 'maudie37', '+6893738095074', 'Bhutan', 1, NULL, 'Fadelshire', 'hfahey@example.org', '$2y$10$r0FXEmx5zsaYHCcbeAI.XO33..xLlZ0Pa2NVm4ba4hLRz13/FgdlK', 'PEIgj7CtUA', '2017-11-29 19:00:54', '2017-11-29 19:00:54'),
(18, 'Dr. Jalen Hahn', 'delphine36', '+8422584340129', 'Netherlands', 1, NULL, 'Roslynhaven', 'strosin.dominic@example.com', '$2y$10$r0FXEmx5zsaYHCcbeAI.XO33..xLlZ0Pa2NVm4ba4hLRz13/FgdlK', 'ljdLfZJM85', '2017-11-29 19:00:54', '2017-11-29 19:00:54'),
(19, 'Amya Reichel', 'tomasa76', '+7676317136777', 'Martinique', 1, NULL, 'Justiceshire', 'marlen.waelchi@example.org', '$2y$10$r0FXEmx5zsaYHCcbeAI.XO33..xLlZ0Pa2NVm4ba4hLRz13/FgdlK', 'HzsYzhAqNw', '2017-11-29 19:00:54', '2017-11-29 19:00:54'),
(20, 'Dr. Ernesto Hammes II', 'favian.vonrueden', '+1134286260191', 'Benin', 1, NULL, 'Reeceside', 'alexis.stanton@example.org', '$2y$10$r0FXEmx5zsaYHCcbeAI.XO33..xLlZ0Pa2NVm4ba4hLRz13/FgdlK', '5cpZPGYIUr', '2017-11-29 19:00:54', '2017-11-29 19:00:54'),
(21, 'Dr. Damon Doyle MD', 'jennings.grimes', '+9050918282502', 'Yemen', 1, NULL, 'Janiemouth', 'mitchel.braun@example.com', '$2y$10$r0FXEmx5zsaYHCcbeAI.XO33..xLlZ0Pa2NVm4ba4hLRz13/FgdlK', 'jJdPlgpEb6', '2017-11-29 19:00:54', '2017-11-29 19:00:54'),
(22, 'Mae Upton', 'terry.osinski', '+3695359852251', 'Burkina Faso', 1, NULL, 'Kayleeland', 'tstiedemann@example.org', '$2y$10$r0FXEmx5zsaYHCcbeAI.XO33..xLlZ0Pa2NVm4ba4hLRz13/FgdlK', 'lqalXdlY6G', '2017-11-29 19:00:54', '2017-11-29 19:00:54'),
(23, 'Timmy Rau', 'ziemann.josue', '+6989473022776', 'Greece', 1, NULL, 'Lynchview', 'mturner@example.com', '$2y$10$r0FXEmx5zsaYHCcbeAI.XO33..xLlZ0Pa2NVm4ba4hLRz13/FgdlK', 'eqnYpulEo6', '2017-11-29 19:00:54', '2017-11-29 19:00:54'),
(24, 'Ken Kilback IV', 'simone.heidenreich', '+5954991600873', 'Slovenia', 1, NULL, 'Bergnaumview', 'feest.isai@example.net', '$2y$10$r0FXEmx5zsaYHCcbeAI.XO33..xLlZ0Pa2NVm4ba4hLRz13/FgdlK', 'gKxhUAo7CV', '2017-11-29 19:00:54', '2017-11-29 19:00:54'),
(25, 'Vivian Upton', 'cmiller', '+1103666677215', 'Italy', 1, NULL, 'East Katarinaside', 'prosacco.guido@example.org', '$2y$10$r0FXEmx5zsaYHCcbeAI.XO33..xLlZ0Pa2NVm4ba4hLRz13/FgdlK', 'Dv553cEzAw', '2017-11-29 19:00:54', '2017-11-29 19:00:54'),
(26, 'Mitchel Bogan', 'deven42', '+7495579565205', 'Oman', 1, NULL, 'Sonnyberg', 'agustina.waters@example.net', '$2y$10$r0FXEmx5zsaYHCcbeAI.XO33..xLlZ0Pa2NVm4ba4hLRz13/FgdlK', 'IymNbkYsh9', '2017-11-29 19:00:54', '2017-11-29 19:00:54'),
(27, 'Ms. Madaline Bashirian', 'bquigley', '+9688243262010', 'Nicaragua', 1, NULL, 'Geovanyfort', 'arlie49@example.org', '$2y$10$r0FXEmx5zsaYHCcbeAI.XO33..xLlZ0Pa2NVm4ba4hLRz13/FgdlK', 'C1a8i2Q4RR', '2017-11-29 19:00:54', '2017-11-29 19:00:54'),
(28, 'Meghan Leannon IV', 'hayden80', '+9802011404658', 'Burundi', 1, NULL, 'Ednaland', 'loren58@example.org', '$2y$10$r0FXEmx5zsaYHCcbeAI.XO33..xLlZ0Pa2NVm4ba4hLRz13/FgdlK', 'u28kO6EChg', '2017-11-29 19:00:54', '2017-11-29 19:00:54'),
(29, 'Kaitlyn Hoppe', 'araceli.toy', '+3712177390501', 'French Guiana', 1, NULL, 'Erichburgh', 'agerhold@example.org', '$2y$10$r0FXEmx5zsaYHCcbeAI.XO33..xLlZ0Pa2NVm4ba4hLRz13/FgdlK', 'eUJvyardou', '2017-11-29 19:00:54', '2017-11-29 19:00:54'),
(30, 'Norwood Nikolaus II', 'jcorkery', '+9391573490719', 'Gibraltar', 1, NULL, 'Lake Albaville', 'anna97@example.com', '$2y$10$r0FXEmx5zsaYHCcbeAI.XO33..xLlZ0Pa2NVm4ba4hLRz13/FgdlK', 'FCGantHQDs', '2017-11-29 19:00:54', '2017-11-29 19:00:54'),
(31, 'Marshall Stanton', 'ratke.jeromy', '+2343694604083', 'Svalbard & Jan Mayen Islands', 1, NULL, 'Dareton', 'bhowe@example.net', '$2y$10$r0FXEmx5zsaYHCcbeAI.XO33..xLlZ0Pa2NVm4ba4hLRz13/FgdlK', 'o4AshjOnj8', '2017-11-29 19:00:54', '2017-11-29 19:00:54'),
(32, 'Thalia Greenholt', 'mckenzie.deborah', '+3894314205984', 'British Virgin Islands', 1, NULL, 'Thompsonbury', 'kohler.uriel@example.org', '$2y$10$r0FXEmx5zsaYHCcbeAI.XO33..xLlZ0Pa2NVm4ba4hLRz13/FgdlK', 'rFNjHllFpV', '2017-11-29 19:00:54', '2017-11-29 19:00:54'),
(33, 'Bonita Witting I', 'muriel09', '+6116104046371', 'Netherlands', 1, NULL, 'Yostfort', 'ibeier@example.com', '$2y$10$r0FXEmx5zsaYHCcbeAI.XO33..xLlZ0Pa2NVm4ba4hLRz13/FgdlK', 'g8A7xtjQKV', '2017-11-29 19:00:54', '2017-11-29 19:00:54'),
(34, 'Zion Grant PhD', 'tomas58', '+7982164924127', 'Armenia', 1, NULL, 'Purdyton', 'pgleichner@example.net', '$2y$10$r0FXEmx5zsaYHCcbeAI.XO33..xLlZ0Pa2NVm4ba4hLRz13/FgdlK', '8y5g8dxPIS', '2017-11-29 19:00:54', '2017-11-29 19:00:54'),
(35, 'Delphine Rogahn', 'rippin.waldo', '+7833644498245', 'Vietnam', 1, NULL, 'Port Tessieburgh', 'arne.flatley@example.net', '$2y$10$r0FXEmx5zsaYHCcbeAI.XO33..xLlZ0Pa2NVm4ba4hLRz13/FgdlK', 'kUk0UJYiN2', '2017-11-29 19:00:54', '2017-11-29 19:00:54'),
(36, 'Dillan Abbott', 'benny62', '+6483323911775', 'Cuba', 1, NULL, 'Hickleport', 'jimmie.dubuque@example.net', '$2y$10$r0FXEmx5zsaYHCcbeAI.XO33..xLlZ0Pa2NVm4ba4hLRz13/FgdlK', '7PVKh5RxX0', '2017-11-29 19:00:54', '2017-11-29 19:00:54'),
(37, 'Prof. Zora Toy DDS', 'temmerich', '+9273142364936', 'Romania', 1, NULL, 'Lake Bernadettefurt', 'kessler.angie@example.net', '$2y$10$r0FXEmx5zsaYHCcbeAI.XO33..xLlZ0Pa2NVm4ba4hLRz13/FgdlK', 'FfGo8u4C31', '2017-11-29 19:00:54', '2017-11-29 19:00:54'),
(38, 'Keyon Koch', 'else91', '+8557672645341', 'Anguilla', 1, NULL, 'Bergeville', 'bwitting@example.org', '$2y$10$r0FXEmx5zsaYHCcbeAI.XO33..xLlZ0Pa2NVm4ba4hLRz13/FgdlK', 'NW1gxSfwJo', '2017-11-29 19:00:54', '2017-11-29 19:00:54'),
(39, 'Fernando Funk I', 'wintheiser.jacey', '+4723212743643', 'Grenada', 1, NULL, 'East Quinten', 'howell.tatyana@example.org', '$2y$10$r0FXEmx5zsaYHCcbeAI.XO33..xLlZ0Pa2NVm4ba4hLRz13/FgdlK', 'wWZiW3HUxY', '2017-11-29 19:00:54', '2017-11-29 19:00:54'),
(40, 'Ephraim Breitenberg', 'marian.mante', '+2006093364364', 'Belize', 1, NULL, 'Lake Minerva', 'bianka.hoeger@example.com', '$2y$10$r0FXEmx5zsaYHCcbeAI.XO33..xLlZ0Pa2NVm4ba4hLRz13/FgdlK', 'cyZCu2lGtT', '2017-11-29 19:00:54', '2017-11-29 19:00:54'),
(41, 'Dr. Berenice Gleason', 'schinner.noemi', '+2021462302845', 'San Marino', 1, NULL, 'Ambrosemouth', 'kulas.jevon@example.org', '$2y$10$r0FXEmx5zsaYHCcbeAI.XO33..xLlZ0Pa2NVm4ba4hLRz13/FgdlK', '2Z3opQQ49M', '2017-11-29 19:00:54', '2017-11-29 19:00:54'),
(42, 'Tito Predovic', 'peter53', '+3790397453607', 'Nepal', 1, NULL, 'Collierport', 'gmckenzie@example.net', '$2y$10$r0FXEmx5zsaYHCcbeAI.XO33..xLlZ0Pa2NVm4ba4hLRz13/FgdlK', 'VAZUJFpMlg', '2017-11-29 19:00:54', '2017-11-29 19:00:54'),
(43, 'Roxane Wunsch', 'adell.muller', '+7392881467450', 'Vanuatu', 1, NULL, 'Port Leslieside', 'daron.conn@example.com', '$2y$10$r0FXEmx5zsaYHCcbeAI.XO33..xLlZ0Pa2NVm4ba4hLRz13/FgdlK', 'SlMDBkNsgG', '2017-11-29 19:00:54', '2017-11-29 19:00:54'),
(44, 'Gene Baumbach', 'yeichmann', '+5692548990143', 'Norfolk Island', 1, NULL, 'South Shanyshire', 'hackett.anais@example.net', '$2y$10$r0FXEmx5zsaYHCcbeAI.XO33..xLlZ0Pa2NVm4ba4hLRz13/FgdlK', 'eiZXpMPdDx', '2017-11-29 19:00:54', '2017-11-29 19:00:54'),
(45, 'Jordon Abbott IV', 'ggraham', '+7601884822555', 'Slovakia (Slovak Republic)', 1, NULL, 'Florenceborough', 'daphney94@example.com', '$2y$10$r0FXEmx5zsaYHCcbeAI.XO33..xLlZ0Pa2NVm4ba4hLRz13/FgdlK', 'D5LEEOH1tc', '2017-11-29 19:00:54', '2017-11-29 19:00:54'),
(46, 'Dr. Mertie Schaden', 'amir38', '+5019809519914', 'French Polynesia', 1, NULL, 'North Ethan', 'deshaun83@example.net', '$2y$10$r0FXEmx5zsaYHCcbeAI.XO33..xLlZ0Pa2NVm4ba4hLRz13/FgdlK', 'v0pYaBVWsf', '2017-11-29 19:00:54', '2017-11-29 19:00:54'),
(47, 'Mr. Emilio Orn', 'pacocha.meggie', '+6864152084448', 'Costa Rica', 1, NULL, 'Lake Berenice', 'jshields@example.net', '$2y$10$r0FXEmx5zsaYHCcbeAI.XO33..xLlZ0Pa2NVm4ba4hLRz13/FgdlK', 'C2H6DoJXn0', '2017-11-29 19:00:54', '2017-11-29 19:00:54'),
(48, 'Trever Langworth', 'renner.cordelia', '+2041901362103', 'Gabon', 1, NULL, 'West Jaida', 'jenifer17@example.net', '$2y$10$r0FXEmx5zsaYHCcbeAI.XO33..xLlZ0Pa2NVm4ba4hLRz13/FgdlK', 'PCRUiagD98', '2017-11-29 19:00:54', '2017-11-29 19:00:54'),
(49, 'Ms. Virginie Murazik', 'bria57', '+9737241534450', 'Sweden', 1, NULL, 'East Evelynland', 'cathryn37@example.com', '$2y$10$r0FXEmx5zsaYHCcbeAI.XO33..xLlZ0Pa2NVm4ba4hLRz13/FgdlK', 'TUgy26OBtQ', '2017-11-29 19:00:54', '2017-11-29 19:00:54'),
(50, 'Mckayla Quitzon', 'barrows.isaias', '+2221570660568', 'Georgia', 1, NULL, 'Bauchstad', 'rath.noemie@example.com', '$2y$10$r0FXEmx5zsaYHCcbeAI.XO33..xLlZ0Pa2NVm4ba4hLRz13/FgdlK', 'tCZoXETzyF', '2017-11-29 19:00:54', '2017-11-29 19:00:54'),
(51, 'Dr. Jared Muller', 'kiehn.fabiola', '+8404686679986', 'Tokelau', 1, NULL, 'Carmenland', 'ydoyle@example.com', '$2y$10$r0FXEmx5zsaYHCcbeAI.XO33..xLlZ0Pa2NVm4ba4hLRz13/FgdlK', 'vbd1miQOS7', '2017-11-29 19:00:54', '2017-11-29 19:00:54'),
(52, 'Reese Gusikowski', 'macy.eichmann', '+4130401364807', 'Faroe Islands', 1, NULL, 'Eladioton', 'lemke.reba@example.com', '$2y$10$r0FXEmx5zsaYHCcbeAI.XO33..xLlZ0Pa2NVm4ba4hLRz13/FgdlK', 'er39z5gh0C', '2017-11-29 19:00:54', '2017-11-29 19:00:54'),
(53, 'Nikki Stark', 'lemke.hermina', '+6978845080512', 'Bulgaria', 1, NULL, 'Strosinport', 'steuber.reynold@example.com', '$2y$10$r0FXEmx5zsaYHCcbeAI.XO33..xLlZ0Pa2NVm4ba4hLRz13/FgdlK', 'Z4JM5MTyu0', '2017-11-29 19:00:54', '2017-11-29 19:00:54'),
(54, 'Caleigh Hilll', 'brant.considine', '+7748923253958', 'Macedonia', 1, NULL, 'Davisside', 'fritsch.alessandra@example.org', '$2y$10$r0FXEmx5zsaYHCcbeAI.XO33..xLlZ0Pa2NVm4ba4hLRz13/FgdlK', 'fAVUYZhGBw', '2017-11-29 19:00:54', '2017-11-29 19:00:54'),
(55, 'Fern Keeling', 'jessie41', '+2956841406564', 'Niger', 1, NULL, 'Lubowitzfort', 'satterfield.keshawn@example.com', '$2y$10$r0FXEmx5zsaYHCcbeAI.XO33..xLlZ0Pa2NVm4ba4hLRz13/FgdlK', '0r290eXMe1', '2017-11-29 19:00:54', '2017-11-29 19:00:54'),
(56, 'Salvatore Upton', 'maximilian.koss', '+6516453855174', 'Hungary', 1, NULL, 'Kiehnshire', 'clovis60@example.org', '$2y$10$r0FXEmx5zsaYHCcbeAI.XO33..xLlZ0Pa2NVm4ba4hLRz13/FgdlK', 'wzBUQ1QAeo', '2017-11-29 19:00:54', '2017-11-29 19:00:54'),
(57, 'Dr. Ethyl Kerluke II', 'johnathan96', '+3790774253966', 'Uganda', 1, NULL, 'Lueilwitzfort', 'daniel.warren@example.net', '$2y$10$r0FXEmx5zsaYHCcbeAI.XO33..xLlZ0Pa2NVm4ba4hLRz13/FgdlK', '1AWpFJLBAB', '2017-11-29 19:00:54', '2017-11-29 19:00:54'),
(58, 'Dr. Timothy Armstrong Jr.', 'euna.weimann', '+1542347904507', 'Uzbekistan', 1, NULL, 'West Alvisborough', 'randy57@example.net', '$2y$10$r0FXEmx5zsaYHCcbeAI.XO33..xLlZ0Pa2NVm4ba4hLRz13/FgdlK', 'b0bcAB0YmS', '2017-11-29 19:00:54', '2017-11-29 19:00:54'),
(59, 'Dr. Aditya Waelchi', 'tschaden', '+7950086159836', 'Estonia', 1, NULL, 'South Tressie', 'psipes@example.org', '$2y$10$r0FXEmx5zsaYHCcbeAI.XO33..xLlZ0Pa2NVm4ba4hLRz13/FgdlK', 'wlwsSJrAlD', '2017-11-29 19:00:54', '2017-11-29 19:00:54'),
(60, 'Zella Carter', 'shickle', '+3543115960968', 'Ghana', 1, NULL, 'Kobyberg', 'dprohaska@example.net', '$2y$10$r0FXEmx5zsaYHCcbeAI.XO33..xLlZ0Pa2NVm4ba4hLRz13/FgdlK', '1bgvVA1535', '2017-11-29 19:00:54', '2017-11-29 19:00:54'),
(61, 'Willy Botsford III', 'marc.lowe', '+9150939397783', 'Grenada', 1, NULL, 'New Martin', 'fharris@example.net', '$2y$10$r0FXEmx5zsaYHCcbeAI.XO33..xLlZ0Pa2NVm4ba4hLRz13/FgdlK', 'Ing1D5WUDN', '2017-11-29 19:00:54', '2017-11-29 19:00:54'),
(62, 'Mrs. Coralie Price', 'kyleigh.smith', '+7949924037948', 'Bhutan', 1, NULL, 'Madiemouth', 'dschmidt@example.org', '$2y$10$r0FXEmx5zsaYHCcbeAI.XO33..xLlZ0Pa2NVm4ba4hLRz13/FgdlK', 'do31667Hmj', '2017-11-29 19:00:54', '2017-11-29 19:00:54'),
(63, 'Cecelia Spinka', 'ozella.gutkowski', '+6271763577481', 'Micronesia', 1, NULL, 'Lake Marjorie', 'hope05@example.com', '$2y$10$r0FXEmx5zsaYHCcbeAI.XO33..xLlZ0Pa2NVm4ba4hLRz13/FgdlK', 'TwvmtmHaNi', '2017-11-29 19:00:54', '2017-11-29 19:00:54'),
(64, 'Prof. Shanon Cassin IV', 'senger.harmon', '+3702625709897', 'Christmas Island', 1, NULL, 'Treutelville', 'ella33@example.org', '$2y$10$r0FXEmx5zsaYHCcbeAI.XO33..xLlZ0Pa2NVm4ba4hLRz13/FgdlK', 'V3MRcu5mox', '2017-11-29 19:00:54', '2017-11-29 19:00:54'),
(65, 'Dr. Frederick Fahey', 'manuela63', '+6063616612725', 'Slovenia', 1, NULL, 'West Loy', 'marquardt.ludie@example.net', '$2y$10$r0FXEmx5zsaYHCcbeAI.XO33..xLlZ0Pa2NVm4ba4hLRz13/FgdlK', '7YkH9sqvnU', '2017-11-29 19:00:54', '2017-11-29 19:00:54'),
(66, 'Miss Flavie O\'Hara I', 'aufderhar.brayan', '+8068000896248', 'Namibia', 1, NULL, 'Dachstad', 'ewald.herzog@example.org', '$2y$10$r0FXEmx5zsaYHCcbeAI.XO33..xLlZ0Pa2NVm4ba4hLRz13/FgdlK', 'oQrU97jsgN', '2017-11-29 19:00:54', '2017-11-29 19:00:54'),
(67, 'Weston Miller', 'fatima.bergnaum', '+5370384372549', 'Guatemala', 1, NULL, 'Reichertfort', 'reymundo.zemlak@example.org', '$2y$10$r0FXEmx5zsaYHCcbeAI.XO33..xLlZ0Pa2NVm4ba4hLRz13/FgdlK', 'nWa8iw5aXm', '2017-11-29 19:00:54', '2017-11-29 19:00:54'),
(68, 'Jeromy Crooks', 'viola26', '+1350114615204', 'Zimbabwe', 1, NULL, 'Angelicaburgh', 'jmayert@example.net', '$2y$10$r0FXEmx5zsaYHCcbeAI.XO33..xLlZ0Pa2NVm4ba4hLRz13/FgdlK', 'uQtwDhGqEQ', '2017-11-29 19:00:54', '2017-11-29 19:00:54'),
(69, 'Soledad Robel', 'arden95', '+2216848939862', 'Tokelau', 1, NULL, 'West Jewellview', 'bartell.toney@example.org', '$2y$10$r0FXEmx5zsaYHCcbeAI.XO33..xLlZ0Pa2NVm4ba4hLRz13/FgdlK', 'CbxYxOOkaY', '2017-11-29 19:00:54', '2017-11-29 19:00:54'),
(70, 'Dr. Gustave West Sr.', 'eichmann.greg', '+7776784126978', 'Angola', 1, NULL, 'North Lilyanfort', 'nienow.cheyenne@example.net', '$2y$10$r0FXEmx5zsaYHCcbeAI.XO33..xLlZ0Pa2NVm4ba4hLRz13/FgdlK', 'fbp7FAtHK1', '2017-11-29 19:00:54', '2017-11-29 19:00:54'),
(71, 'Walter Boyer', 'gertrude.bahringer', '+7530694270093', 'Poland', 1, NULL, 'New Kaitlinburgh', 'bhickle@example.org', '$2y$10$r0FXEmx5zsaYHCcbeAI.XO33..xLlZ0Pa2NVm4ba4hLRz13/FgdlK', 'pvMNJI79kO', '2017-11-29 19:00:54', '2017-11-29 19:00:54'),
(72, 'Jarrell Adams IV', 'carmelo.carroll', '+9861758760177', 'Czech Republic', 1, NULL, 'Port Orlandville', 'mharber@example.com', '$2y$10$r0FXEmx5zsaYHCcbeAI.XO33..xLlZ0Pa2NVm4ba4hLRz13/FgdlK', 'diT3nxBR4t', '2017-11-29 19:00:54', '2017-11-29 19:00:54'),
(73, 'Prof. Barrett Ruecker', 'ihilll', '+5694445744359', 'Kuwait', 1, NULL, 'North Kristytown', 'joaquin.pfeffer@example.org', '$2y$10$r0FXEmx5zsaYHCcbeAI.XO33..xLlZ0Pa2NVm4ba4hLRz13/FgdlK', 'c2X1AvAQSe', '2017-11-29 19:00:54', '2017-11-29 19:00:54'),
(74, 'Miss Maida Stracke IV', 'salvatore.lakin', '+6036580222234', 'Nauru', 1, NULL, 'Janessafort', 'alysha.labadie@example.net', '$2y$10$r0FXEmx5zsaYHCcbeAI.XO33..xLlZ0Pa2NVm4ba4hLRz13/FgdlK', '9TrAh1PUoI', '2017-11-29 19:00:54', '2017-11-29 19:00:54'),
(75, 'Prof. Barbara Blanda', 'terrill16', '+1030593649069', 'Martinique', 1, NULL, 'Port Nettie', 'dejah.muller@example.com', '$2y$10$r0FXEmx5zsaYHCcbeAI.XO33..xLlZ0Pa2NVm4ba4hLRz13/FgdlK', 'qQrSbXvGFW', '2017-11-29 19:00:54', '2017-11-29 19:00:54'),
(76, 'Tod Towne', 'clang', '+4964728014068', 'Wallis and Futuna', 1, NULL, 'West Porter', 'donnell.mills@example.com', '$2y$10$r0FXEmx5zsaYHCcbeAI.XO33..xLlZ0Pa2NVm4ba4hLRz13/FgdlK', 'lSHgAyXtc8', '2017-11-29 19:00:54', '2017-11-29 19:00:54'),
(77, 'Dr. Gerald Luettgen', 'wstreich', '+8224680341922', 'Vanuatu', 1, NULL, 'West Maida', 'ugreen@example.com', '$2y$10$r0FXEmx5zsaYHCcbeAI.XO33..xLlZ0Pa2NVm4ba4hLRz13/FgdlK', 'SjE3R4RHDI', '2017-11-29 19:00:54', '2017-11-29 19:00:54'),
(78, 'Casimer Runolfsson II', 'alisha.kassulke', '+4841769398542', 'Mexico', 1, NULL, 'Port Ernestoburgh', 'bradford.nitzsche@example.net', '$2y$10$r0FXEmx5zsaYHCcbeAI.XO33..xLlZ0Pa2NVm4ba4hLRz13/FgdlK', 'HoZv2LHe96', '2017-11-29 19:00:54', '2017-11-29 19:00:54'),
(79, 'Alessandro Goyette Sr.', 'maiya88', '+3654608811396', 'Lesotho', 1, NULL, 'New Michaela', 'margarett.gislason@example.org', '$2y$10$r0FXEmx5zsaYHCcbeAI.XO33..xLlZ0Pa2NVm4ba4hLRz13/FgdlK', 'v4TX9r8Mdy', '2017-11-29 19:00:54', '2017-11-29 19:00:54'),
(80, 'Yazmin Stroman DVM', 'dubuque.brain', '+8625058773305', 'Trinidad and Tobago', 1, NULL, 'Pfannerstillfort', 'friesen.janiya@example.org', '$2y$10$r0FXEmx5zsaYHCcbeAI.XO33..xLlZ0Pa2NVm4ba4hLRz13/FgdlK', '91ap5cyhov', '2017-11-29 19:00:54', '2017-11-29 19:00:54'),
(81, 'Johnnie Goodwin', 'triston.jacobson', '+4590318996675', 'Suriname', 1, NULL, 'Champlinfort', 'maggio.mark@example.com', '$2y$10$r0FXEmx5zsaYHCcbeAI.XO33..xLlZ0Pa2NVm4ba4hLRz13/FgdlK', '3cjUfW5sIU', '2017-11-29 19:00:54', '2017-11-29 19:00:54'),
(82, 'Prof. Gaston Padberg I', 'runolfsdottir.nyah', '+3761960811100', 'Netherlands Antilles', 1, NULL, 'Weissnattown', 'dlubowitz@example.net', '$2y$10$r0FXEmx5zsaYHCcbeAI.XO33..xLlZ0Pa2NVm4ba4hLRz13/FgdlK', 'WIhclSaymh', '2017-11-29 19:00:54', '2017-11-29 19:00:54'),
(83, 'Ms. Esperanza Green', 'tierra84', '+4287678932451', 'Bahrain', 1, NULL, 'Webermouth', 'viola.nikolaus@example.com', '$2y$10$r0FXEmx5zsaYHCcbeAI.XO33..xLlZ0Pa2NVm4ba4hLRz13/FgdlK', 'QTI9k4xxWU', '2017-11-29 19:00:54', '2017-11-29 19:00:54'),
(84, 'Rubie Sipes', 'hwhite', '+7832329538136', 'Sri Lanka', 1, NULL, 'Lake Desiree', 'qdubuque@example.net', '$2y$10$r0FXEmx5zsaYHCcbeAI.XO33..xLlZ0Pa2NVm4ba4hLRz13/FgdlK', 'axJiWriU0Z', '2017-11-29 19:00:54', '2017-11-29 19:00:54'),
(85, 'Ms. Clementina Cartwright V', 'lorn', '+5931964702929', 'Guinea-Bissau', 1, NULL, 'West Brandonburgh', 'kirk.fay@example.org', '$2y$10$r0FXEmx5zsaYHCcbeAI.XO33..xLlZ0Pa2NVm4ba4hLRz13/FgdlK', 'UFCev5NDJ8', '2017-11-29 19:00:54', '2017-11-29 19:00:54'),
(86, 'Elvie Powlowski I', 'doris51', '+1383677763375', 'Kenya', 1, NULL, 'West Harmon', 'carroll.winona@example.net', '$2y$10$r0FXEmx5zsaYHCcbeAI.XO33..xLlZ0Pa2NVm4ba4hLRz13/FgdlK', 'SeBOCEz3Bu', '2017-11-29 19:00:54', '2017-11-29 19:00:54'),
(87, 'Ms. Delphine O\'Reilly', 'zschoen', '+3109293750451', 'Portugal', 1, NULL, 'Shakiraton', 'gage64@example.net', '$2y$10$r0FXEmx5zsaYHCcbeAI.XO33..xLlZ0Pa2NVm4ba4hLRz13/FgdlK', 'x3A6jDJYxC', '2017-11-29 19:00:54', '2017-11-29 19:00:54'),
(88, 'Heloise Waelchi', 'kiara94', '+8691392402588', 'Marshall Islands', 1, NULL, 'North Jaden', 'qcrooks@example.com', '$2y$10$r0FXEmx5zsaYHCcbeAI.XO33..xLlZ0Pa2NVm4ba4hLRz13/FgdlK', 'OpMTephW0K', '2017-11-29 19:00:54', '2017-11-29 19:00:54'),
(89, 'Alfonzo Herzog', 'luther08', '+4423867258125', 'Saint Pierre and Miquelon', 1, NULL, 'South Abbeyshire', 'kanderson@example.org', '$2y$10$r0FXEmx5zsaYHCcbeAI.XO33..xLlZ0Pa2NVm4ba4hLRz13/FgdlK', 'uq8GPURtSd', '2017-11-29 19:00:54', '2017-11-29 19:00:54'),
(90, 'Gideon Conn PhD', 'immanuel.fisher', '+1691202478118', 'Kazakhstan', 1, NULL, 'West Ottis', 'dora.mayer@example.net', '$2y$10$r0FXEmx5zsaYHCcbeAI.XO33..xLlZ0Pa2NVm4ba4hLRz13/FgdlK', 'krXCaNBM7k', '2017-11-29 19:00:54', '2017-11-29 19:00:54'),
(91, 'Donna Hane DDS', 'ellen.grant', '+3115172173766', 'Qatar', 1, NULL, 'East Mary', 'rosetta76@example.org', '$2y$10$r0FXEmx5zsaYHCcbeAI.XO33..xLlZ0Pa2NVm4ba4hLRz13/FgdlK', 'GllMNM9Y4w', '2017-11-29 19:00:54', '2017-11-29 19:00:54'),
(92, 'Laurel Hauck', 'caitlyn.fay', '+8134479268244', 'Yemen', 1, NULL, 'Francescomouth', 'vernie.lockman@example.com', '$2y$10$r0FXEmx5zsaYHCcbeAI.XO33..xLlZ0Pa2NVm4ba4hLRz13/FgdlK', 'XsRicp8Uyd', '2017-11-29 19:00:54', '2017-11-29 19:00:54'),
(93, 'Rubye Beier', 'myra.jones', '+5850901360860', 'Ghana', 1, NULL, 'Gabriellaside', 'schmitt.jeffery@example.org', '$2y$10$r0FXEmx5zsaYHCcbeAI.XO33..xLlZ0Pa2NVm4ba4hLRz13/FgdlK', 'U6nYU0PdfV', '2017-11-29 19:00:54', '2017-11-29 19:00:54'),
(94, 'Nels Crona', 'joanne22', '+8647254637437', 'French Guiana', 1, NULL, 'East Raphael', 'vernie03@example.com', '$2y$10$r0FXEmx5zsaYHCcbeAI.XO33..xLlZ0Pa2NVm4ba4hLRz13/FgdlK', 'cJ2uFoHxXw', '2017-11-29 19:00:54', '2017-11-29 19:00:54'),
(95, 'Lesly Langosh', 'rrowe', '+6083022862243', 'Poland', 1, NULL, 'Lake Lavadaburgh', 'leonardo.beatty@example.com', '$2y$10$r0FXEmx5zsaYHCcbeAI.XO33..xLlZ0Pa2NVm4ba4hLRz13/FgdlK', 's2cPR99OVn', '2017-11-29 19:00:54', '2017-11-29 19:00:54'),
(96, 'Kitty Gutmann', 'callie.balistreri', '+5436036218267', 'Malaysia', 1, NULL, 'North Victor', 'qwiegand@example.net', '$2y$10$r0FXEmx5zsaYHCcbeAI.XO33..xLlZ0Pa2NVm4ba4hLRz13/FgdlK', 'BdrBB5FW8L', '2017-11-29 19:00:54', '2017-11-29 19:00:54'),
(97, 'Cathy Schaefer', 'okeefe.joesph', '+3811745230185', 'Mexico', 1, NULL, 'Anastacioport', 'joshua.jakubowski@example.org', '$2y$10$r0FXEmx5zsaYHCcbeAI.XO33..xLlZ0Pa2NVm4ba4hLRz13/FgdlK', 'YS7vHHZwM3', '2017-11-29 19:00:54', '2017-11-29 19:00:54'),
(98, 'Mr. Joesph Stroman Sr.', 'halvorson.hubert', '+9529583261924', 'Tuvalu', 1, NULL, 'Rafaelborough', 'tyler36@example.net', '$2y$10$r0FXEmx5zsaYHCcbeAI.XO33..xLlZ0Pa2NVm4ba4hLRz13/FgdlK', 'VioVkgEhl5', '2017-11-29 19:00:54', '2017-11-29 19:00:54'),
(99, 'Ahmed DuBuque', 'leif.hills', '+9573217813930', 'Barbados', 1, NULL, 'West Muhammad', 'lavon.kozey@example.net', '$2y$10$r0FXEmx5zsaYHCcbeAI.XO33..xLlZ0Pa2NVm4ba4hLRz13/FgdlK', 'yJhQb71RCz', '2017-11-29 19:00:54', '2017-11-29 19:00:54'),
(100, 'Rita Boehm MD', 'sunny.murazik', '+3627972409915', 'Andorra', 1, NULL, 'West Daniellafurt', 'pschoen@example.net', '$2y$10$r0FXEmx5zsaYHCcbeAI.XO33..xLlZ0Pa2NVm4ba4hLRz13/FgdlK', 'gXOrCvMVJY', '2017-11-29 19:00:54', '2017-11-29 19:00:54'),
(101, 'Prof. Amos Labadie V', 'metz.darryl', '+2903332296952', 'Greenland', 1, NULL, 'Gislasonstad', 'pfeffer.casper@example.com', '$2y$10$r0FXEmx5zsaYHCcbeAI.XO33..xLlZ0Pa2NVm4ba4hLRz13/FgdlK', '1whqhtBsHv', '2017-11-29 19:00:54', '2017-11-29 19:00:54'),
(102, 'Test User', 'updatesvc', '1515151', 'Kenya', 0, 'lBvoZ4FzDxsY8NI1zcI9wVPc1ZzUY0lSakZHUhv1dd8le', 'sasa', 'updatesvc@gmail.com', '$2y$10$HBHd4hzWkBjI70NWb9vlmOcDhYPE/kkVOsH9kUe.ksQ9kgFQQ1XF6', NULL, '2017-11-29 19:18:54', '2017-11-29 19:18:54'),
(103, 'Faith', 'Mama_Steph', '0202402999', 'Kenya', 1, NULL, 'Kenya', 'namunyakmbugua@gmail.com', '$2y$10$dLXNv9RT2sOHArrg4rl/C.RoZbwqLilesWWnpCREuyhmBB0Nz1iiK', NULL, '2017-12-04 10:19:02', '2017-12-04 10:29:43'),
(104, 'rwdsds', 'testuser2', '+254871616', NULL, 1, NULL, NULL, 'emavdvil@teleworm.us', '$2y$10$hsZlu8xpZLaVBsMCxddYhOt4LcUvkzHOmRq.1yW6UqW6NAgDt5o5S', NULL, '2018-02-09 19:15:18', '2018-02-09 19:16:04'),
(105, 'james mwangi', 'james mwangi', '0717305214', 'Kenya', 1, NULL, 'thika', 'jamesnjua@gmail.com', '$2y$10$vkc.3TBvKMzN6wqjKPfyce0wLhY0fg0QTgz.lZnA/eMCnzLhR6f66', 'h0dkILyrwL0R1va5hl97KK1sqqeowtdBWfYs7jGjhWqZYEV0XUmHDNvPVGa9', '2018-02-13 09:28:14', '2018-02-13 09:34:03'),
(106, 'Dennis Ngugi', 'Dennis', '0701974014', 'Kenya', 1, NULL, 'Kenya', 'denongugi73@gmail.com', '$2y$10$fpVAYyu57ndjDwxKzBbzkueUjVF0/cmRJ0MP5wiE5dczpp.96weE6', 'RxN2ATIlKHcROvT8fPgDZBn3YwSKz70unJMC6FmWOsyuPSmxL1B9H4gJhb4y', '2018-02-15 19:33:17', '2018-04-11 09:57:35'),
(108, 'Isaac', 'Izoh', '0795681628', NULL, 0, 'fD8RpFJyvZ9iKJ2uXg44JW6vvZPUlPF6Nx9Wt9w8IfFxK', NULL, 'isa@isa.com', '$2y$10$dQtX2ZuJqnbzhCbWCslx.Oj48jrk0j50WRvA2TslHN8fgKepYUJA2', NULL, '2018-02-20 11:30:47', '2018-02-20 11:30:47');

--
-- Indexes for dumped tables
--

--
-- Indexes for table `migrations`
--
ALTER TABLE `migrations`
  ADD PRIMARY KEY (`id`);

--
-- Indexes for table `parts`
--
ALTER TABLE `parts`
  ADD PRIMARY KEY (`id`);

--
-- Indexes for table `part_images`
--
ALTER TABLE `part_images`
  ADD PRIMARY KEY (`id`);

--
-- Indexes for table `password_resets`
--
ALTER TABLE `password_resets`
  ADD KEY `password_resets_email_index` (`email`);

--
-- Indexes for table `users`
--
ALTER TABLE `users`
  ADD PRIMARY KEY (`id`),
  ADD UNIQUE KEY `users_email_unique` (`email`);

--
-- AUTO_INCREMENT for dumped tables
--

--
-- AUTO_INCREMENT for table `migrations`
--
ALTER TABLE `migrations`
  MODIFY `id` int(10) UNSIGNED NOT NULL AUTO_INCREMENT, AUTO_INCREMENT=13;

--
-- AUTO_INCREMENT for table `parts`
--
ALTER TABLE `parts`
  MODIFY `id` int(10) UNSIGNED NOT NULL AUTO_INCREMENT, AUTO_INCREMENT=102;

--
-- AUTO_INCREMENT for table `part_images`
--
ALTER TABLE `part_images`
  MODIFY `id` int(10) UNSIGNED NOT NULL AUTO_INCREMENT, AUTO_INCREMENT=3;

--
-- AUTO_INCREMENT for table `users`
--
ALTER TABLE `users`
  MODIFY `id` int(10) UNSIGNED NOT NULL AUTO_INCREMENT, AUTO_INCREMENT=109;
COMMIT;

/*!40101 SET CHARACTER_SET_CLIENT=@OLD_CHARACTER_SET_CLIENT */;
/*!40101 SET CHARACTER_SET_RESULTS=@OLD_CHARACTER_SET_RESULTS */;
/*!40101 SET COLLATION_CONNECTION=@OLD_COLLATION_CONNECTION */;
